title,keyword,date,link,sentiment_score
"There Is Fundamental Value In Broadcom, And It Yields 3.35%",AAPL,2022-12-09T14:29:00Z,https://www.marketbeat.com/originals/there-is-fundamental-value-in-broadcom-and-it-yields-335/,0.2006
Top 10 Searched Stocks on MarketBeat All-Access,AAPL,2022-12-08T06:05:00Z,https://www.marketbeat.com/originals/top-10-searched-stocks-on-marketbeat-all-access/,0.8834
'Apple is shameless in their bullying': Spotify CEO joins Elon Musk in slamming App Store policies - Yahoo Canada Finance,AAPL,2022-11-30T15:18:29Z,https://ca.finance.yahoo.com/news/apple-app-store-daniel-ek-spotify-ceo-151829989.html,-0.5267
Berkshire Hathaway bought a $4.1B stake in Apple chipmaker TSMC,AAPL,2022-11-15T14:59:05Z,https://9to5mac.com/2022/11/15/berkshire-hathaway-bought/,0.0
"The Ratings Game: Apple iPhone wait times have doubled to after Christmas, UBS says",AAPL,2022-11-23T15:57:00Z,https://www.marketwatch.com/story/apple-iphone-wait-times-have-doubled-to-after-christmas-ubs-says-11669219073,-0.34
"Earnings Watch: Wall Street grows pessimistic about holiday season, but record profit still expected",AAPL,2022-12-05T18:26:00Z,https://www.marketwatch.com/story/wall-street-grows-pessimistic-about-holiday-season-but-record-profit-still-expected-11670264782,-0.024
JP Morgan lowers AAPL target to $151 as iPhone 14 Pro lead times increase,AAPL,2022-11-21T16:44:04Z,https://appleinsider.com/articles/22/11/21/jp-morgan-lowers-aapl-target-to-151-as-iphone-14-pro-lead-times-increase,-0.4215
Stock market news live updates: Stock futures rebound as China COVID concerns ease,AAPL,2022-11-29T13:00:33Z,https://finance.yahoo.com/news/stock-market-news-live-updates-november-29-2022-130033575.html,-0.5574
Apple stock 'could be the canary in the coal mine' for China reopening: Strategist,AAPL,2022-11-23T17:33:12Z,https://finance.yahoo.com/news/apples-stock-china-reopening-strategist-173312072.html,0.8126
The 'exceptionalism of technology' is probably over for the stock market: Goldman,AAPL,2022-11-29T10:51:45Z,https://finance.yahoo.com/news/goldman-sachs-big-tech-stock-market-outlook-105145257.html,0.2732
Apple could have two non-China problems on its hands in 2023: analyst,AAPL,2022-11-29T20:12:05Z,https://finance.yahoo.com/news/apple-could-have-2-non-china-problems-on-its-hands-in-2023-analyst-201205949.html,-0.5994
'Apple is shameless in their bullying': Spotify CEO joins Elon Musk in slamming App Store policies,AAPL,2022-11-30T15:18:29Z,https://finance.yahoo.com/news/apple-app-store-daniel-ek-spotify-ceo-151829989.html,-0.5267
Apple is making your iPhone more secure to fight off nation-state hackers,AAPL,2022-12-07T18:00:08Z,https://finance.yahoo.com/news/apple-is-making-your-i-phone-more-secure-to-fight-off-nation-state-hackers-180008035.html,0.7579
What China’s zero-COVID troubles mean for global economic growth,AAPL,2022-12-03T13:13:45Z,https://finance.yahoo.com/news/china-zero-covid-global-economic-growth-131345698.html,0.0
4 Charts That Show Why Apple Could Outperform the Markets in 2023,AAPL,2022-11-17T15:15:00Z,https://www.fool.com/investing/2022/11/17/4-charts-that-show-why-apple-could-outperform-the/,0.6369
Why Apple Stock Fell Today,AAPL,2022-11-29T22:00:11Z,https://www.fool.com/investing/2022/11/29/why-apple-stock-fell-today/,0.3182
Why Apple Stock Is Sinking Today,AAPL,2022-11-28T16:53:02Z,https://www.fool.com/investing/2022/11/28/why-apple-stock-is-sinking-today/,0.1531
Why Investors Cranked Spotify Stock Higher Today,AAPL,2022-12-13T23:16:57Z,https://www.fool.com/investing/2022/12/13/why-investors-cranked-spotify-stock-higher-today/,0.6124
Why Manchester United Stock Was Rocketing Higher Again Today,AAPL,2022-11-25T17:27:41Z,https://www.fool.com/investing/2022/11/25/why-manchester-united-stock-was-rocketing-higher/,0.7506
Better Buy: Apple or Microsoft,AAPL,2022-11-22T13:13:00Z,https://www.fool.com/investing/2022/11/22/better-buy-apple-or-microsoft/,0.4404
Why Qualcomm Stock Rose Today Despite a Fresh Analyst Downgrade,AAPL,2022-12-12T22:42:05Z,https://www.fool.com/investing/2022/12/12/why-qualcomm-stock-rose-today-despite-a-fresh-ana/,0.1655
Why Apple Stock Traded Lower on Monday,AAPL,2022-11-21T22:18:00Z,https://www.fool.com/investing/2022/11/21/why-apple-stock-traded-lower-on-monday/,0.0
Why Apple Stock Eked Out a Market Beat Today,AAPL,2022-12-09T21:53:01Z,https://www.fool.com/investing/2022/12/09/why-apple-stock-eked-out-a-market-beat-today/,0.9186
Should Tech Investors Be Worried About Apple?,AAPL,2022-11-29T14:18:00Z,https://www.fool.com/investing/2022/11/29/should-tech-investors-be-worried-about-apple/,0.0
Supply Chain Risks Loom for Semiconductors and Tech Infrastructure,AAPL,2022-12-04T12:30:00Z,https://www.fool.com/investing/2022/12/04/supply-chain-risks-loom-for-semiconductors-and-tec/,0.0772
Better Buy: Roku vs. Pinterest,AAPL,2022-11-29T16:00:00Z,https://www.fool.com/investing/2022/11/29/better-buy-roku-vs-pinterest/,0.4391
This FAANG Stock Is Crushing It Despite Inflation,AAPL,2022-11-14T11:26:00Z,https://www.fool.com/investing/2022/11/14/this-faang-stock-is-crushing-it-despite-inflation/,0.4588
"Down 17%, Is Apple Stock a Buy Now?",AAPL,2022-11-28T11:14:00Z,https://www.fool.com/investing/2022/11/28/is-apple-stock-a-buy-now/,0.8214
3 Things You Shouldn't Do If the Stock Market Crashes,AAPL,2022-11-23T11:44:00Z,https://www.fool.com/investing/2022/11/23/3-things-you-shouldnt-do-if-stock-market-crash/,-0.1623
Is Roku a Safe Stock?,AAPL,2022-12-11T16:21:00Z,https://www.fool.com/investing/2022/12/11/is-roku-a-safe-stock/,-0.0258
Why Investors Should Love Apple's Dividend,AAPL,2022-12-07T13:01:00Z,https://www.fool.com/investing/2022/12/07/why-investors-should-love-apples-dividend/,0.7964
5 Signs You May Have a Recession-Proof Stock,AAPL,2022-11-19T11:41:00Z,https://www.fool.com/investing/2022/11/19/5-signs-you-may-have-a-recession-proof-stock/,0.7964
What China's Lockdown Protests Mean for Apple Stock,AAPL,2022-12-01T10:20:00Z,https://www.fool.com/investing/2022/12/01/what-china-lockdown-protests-mean-apple-stock/,-0.6249
Is Apple a Must-Own Stock in 2023?,AAPL,2022-11-29T16:30:00Z,https://www.fool.com/investing/2022/11/29/is-apple-a-must-own-stock-in-2023/,0.6096
My Top Warren Buffett Stock to Buy and Hold in 2023 and Beyond,AAPL,2022-12-02T14:15:00Z,https://www.fool.com/investing/2022/12/02/my-top-warren-buffett-stock-to-buy-and-hold-in-202/,0.8313
Over Half of Millennials Own Stocks. Here Are 3 Stock Ideas to Start Your Own Portfolio.,AAPL,2022-11-15T15:30:00Z,https://www.fool.com/investing/2022/11/15/over-half-of-millennials-own-stocks-here-are-3/,-0.3622
The Best FAANG Stock to Buy in December,AAPL,2022-12-01T10:55:00Z,https://www.fool.com/investing/2022/12/01/the-best-faang-stock-to-buy-in-december/,0.7984
"Meta Platforms Stock: Buy, Sell, or Hold in 2023?",AAPL,2022-11-14T16:03:30Z,https://www.fool.com/investing/2022/11/14/meta-platforms-stock-buy-sell-or-hold-in-2023/,-0.7003
Is The Trade Desk Stock a Buy Now?,AAPL,2022-11-18T10:35:00Z,https://www.fool.com/investing/2022/11/18/is-the-trade-desk-stock-a-buy-now/,0.5106
3 Reasons I'm Avoiding Meta Platforms Stock For Now,AAPL,2022-11-30T10:55:00Z,https://www.fool.com/investing/2022/11/30/3-reasons-im-avoiding-meta-platforms-stock-for-now/,-0.1531
Why Apple Stock Can Keep Delivering for Investors,AAPL,2022-12-01T13:01:00Z,https://www.fool.com/investing/2022/12/01/why-apple-stock-can-keep-delivering-for-investors/,0.6808
How Warren Buffett Made a Bet on Apple Without Buying More Apple Stock,AAPL,2022-11-18T12:11:00Z,https://www.fool.com/investing/2022/11/18/how-warren-buffett-bet-apple-without-apple-stock/,0.5574
"Apple Falls on China Fears, but This Nasdaq Stock Is Soaring Monday",AAPL,2022-11-28T15:32:00Z,https://www.fool.com/investing/2022/11/28/apple-falls-on-china-fears-but-this-nasdaq-stock-i/,0.7693
Why Apple Shares Dropped Friday,AAPL,2022-11-25T18:12:55Z,https://www.fool.com/investing/2022/11/25/why-apple-shares-dropped-friday/,0.0736
"Smart Investors Should Buy These 3 Stocks, Down Between 46% and 73%, Heading Into 2023",AAPL,2022-11-30T10:15:00Z,https://www.fool.com/investing/2022/11/30/down-between-46-and-73-smart-investors-should-buy/,0.8316
Should You Buy Netflix Hand Over Fist for 2023?,AAPL,2022-11-18T15:03:18Z,https://www.fool.com/investing/2022/11/18/should-you-buy-netflix-hand-over-fist-for-2023/,-0.296
Apple Stock Is Down 20% From Its High. Time to Buy?,AAPL,2022-11-30T12:00:00Z,https://www.fool.com/investing/2022/11/30/apple-stock-is-down-20-from-its-high-time-to-buy/,0.3818
Surprise! Warren Buffett Just Bought a Semiconductor Stock,AAPL,2022-11-15T05:15:00Z,https://www.fool.com/investing/2022/11/15/surprise-warren-buffett-just-bought-a-semiconducto/,0.0
The Safest and Riskiest FAANG Stocks to Buy Right Now,AAPL,2022-11-21T10:52:00Z,https://www.fool.com/investing/2022/11/21/the-safest-and-riskiest-faang-stocks-to-buy-right/,0.34
The 3 Most Popular Robinhood Stocks Right Now: Are They Buys?,AAPL,2022-12-05T10:55:00Z,https://www.fool.com/investing/2022/12/05/3-most-popular-robinhood-stocks-now-are-they-buys/,0.4939
2 Dividend-Paying Tech Stocks to Buy in December,AAPL,2022-12-06T10:35:00Z,https://www.fool.com/investing/2022/12/06/2-dividend-paying-tech-stocks-to-buy-in-december/,0.9201
73% of Warren Buffett's Portfolio Is in These 5 Stocks as 2022 Winds Down,AAPL,2022-12-03T10:55:00Z,https://www.fool.com/investing/2022/12/03/warren-buffett-portfolio-5-stocks-2022-winds-down/,-0.1531
2 Top Stocks to Buy In December,AAPL,2022-12-04T14:15:00Z,https://www.fool.com/investing/2022/12/04/2-top-stocks-to-buy-in-december/,-0.7184
These 3 Stocks Were Warren Buffett's Biggest Winners Over the Past 5 Years,AAPL,2022-11-13T10:52:00Z,https://www.fool.com/investing/2022/11/13/stocks-warren-buffetts-biggest-winners/,0.2732
My Top FAANG Stock For 2023 -- and It Isn't Even Close,AAPL,2022-11-20T10:54:00Z,https://www.fool.com/investing/2022/11/20/my-top-faang-stock-for-2023-and-it-isnt-even-close/,-0.1238
1 Warren Buffett Stock I'd Buy Before 2023 Without Any Hesitation,AAPL,2022-12-11T10:57:00Z,https://www.fool.com/investing/2022/12/11/1-warren-buffett-stock-id-buy-before-2023-without/,0.5849
3 Reasons to Buy Apple Stock in 2023 -- And Never Sell,AAPL,2022-11-16T20:00:00Z,https://www.fool.com/investing/2022/11/16/3-reasons-to-buy-apple-stock-in-2023-and-never-sel/,0.5256
Air Products Stock Could Be a Hidden Gem Among All the Chip Manufacturing Hype,AAPL,2022-12-06T10:40:00Z,https://www.fool.com/investing/2022/12/06/air-products-stock-could-be-a-hidden-gem-amongst-a/,0.2023
"1 Green Flag for Apple Stock in 2022, and 1 Red Flag",AAPL,2022-12-11T13:15:00Z,https://www.fool.com/investing/2022/12/11/green-flag-for-apple-stock-and-red-flag/,0.9216
3 Must-Own Stocks for 2023 (and Beyond),AAPL,2022-11-18T12:00:00Z,https://www.fool.com/investing/2022/11/18/3-must-own-stocks-for-2023-and-beyond/,0.0258
3 Stocks You Can Confidently Buy After a Market Downturn,AAPL,2022-11-18T14:00:00Z,https://www.fool.com/investing/2022/11/18/3-stocks-you-can-confidently-buy-after-a-downturn/,-0.5962
These 2 Stocks Were on Big Shoppers' Lists on Black Friday,AAPL,2022-11-25T14:18:41Z,https://www.fool.com/investing/2022/11/25/these-2-stocks-big-shoppers-lists-on-black-friday/,0.4215
Apple Is Down 22% From Its High. Time to Buy?,AAPL,2022-12-12T13:53:00Z,https://www.fool.com/investing/2022/12/12/apple-is-down-22-from-its-high-time-to-buy/,0.6486
Top Warren Buffett Stocks to Buy With $300 Right Now,AAPL,2022-12-06T10:20:00Z,https://www.fool.com/investing/2022/12/06/top-warren-buffett-stocks-buy-with-300-right-now/,0.6901
Publicly Traded Companies: Definition and Examples,AAPL,2022-12-12T20:11:10Z,https://www.fool.com/investing/stock-market/basics/publicly-traded-companies/,0.5267
"If You Invested $10,000 in Microsoft Stock When Satya Nadella Became CEO, This Is How Much You'd Have Today",AAPL,2022-12-02T11:45:00Z,https://www.fool.com/investing/2022/12/02/if-you-invested-10000-in-microsoft-stock-you-have/,-0.296
2 Warren Buffett Stocks to Buy Before 2022 Ends and 1 to Avoid,AAPL,2022-12-08T14:00:00Z,https://www.fool.com/investing/2022/12/08/2-warren-buffett-stocks-to-buy-and-1-to-avoid/,0.624
Want to Get Richer? 3 Best Stocks to Buy Now and Hold Forever,AAPL,2022-12-02T22:00:00Z,https://www.fool.com/investing/2022/12/02/want-to-get-richer-3-best-stocks-to-buy-now-and-ho/,0.5859
Is It Time to Buy the Dow Jones' 2 Worst-Performing November Stocks?,AAPL,2022-12-04T14:09:00Z,https://www.fool.com/investing/2022/12/04/is-it-time-to-buy-the-dow-jones-2-worst-performing/,0.4588
3 Robinhood Stocks to Buy and Hold Forever,AAPL,2022-11-20T12:26:00Z,https://www.fool.com/investing/2022/11/20/3-robinhood-stocks-to-buy-and-hold-forever/,-0.0772
2 Unstoppable Stocks Set to Crush the Market (Again) in 2023,AAPL,2022-11-17T10:15:00Z,https://www.fool.com/investing/2022/11/17/2-unstoppable-stocks-set-to-crush-the-market-2023/,0.4588
2 Warren Buffett Stocks That Everyone Should Own,AAPL,2022-11-25T10:25:00Z,https://www.fool.com/investing/2022/11/25/2-warren-buffett-stocks-that-everyone-should-own/,0.4215
"Since 2016, Warren Buffett Has Bought $9 Billion More of This Stock Than Apple and Chevron, Combined!",AAPL,2022-11-28T10:06:00Z,https://www.fool.com/investing/2022/11/28/warren-buffett-buy-more-this-stock-apple-chevron/,0.4927
"Why Apple, Salesforce, and Qualcomm Stocks Are Volatile Today",AAPL,2022-12-06T20:34:48Z,https://www.fool.com/investing/2022/12/06/why-apple-salesforce-and-qualcomm-stocks-are-volat/,-0.5574
3 Stocks to Avoid This Week,AAPL,2022-11-28T13:07:00Z,https://www.fool.com/investing/2022/11/28/3-stocks-to-avoid-this-week/,0.0772
Better Buy: Apple vs. Disney,AAPL,2022-11-28T13:45:00Z,https://www.fool.com/investing/2022/11/28/better-buy-apple-vs-disney/,0.4215
3 Top Tech Stocks to Buy in December,AAPL,2022-12-02T10:00:00Z,https://www.fool.com/investing/2022/12/02/3-top-tech-stocks-to-buy-in-december/,-0.4767
3 Stocks to Avoid This Week,AAPL,2022-11-21T12:30:00Z,https://www.fool.com/investing/2022/11/21/3-stocks-to-avoid-this-week/,-0.1531
Warren Buffett Loves These Stocks. Are They Right for You?,AAPL,2022-12-02T10:08:00Z,https://www.fool.com/investing/2022/12/02/warren-buffett-loves-these-stocks-are-they-right-f/,-0.25
3 Top Stocks to Buy for the Long Haul,AAPL,2022-11-16T15:30:00Z,https://www.fool.com/investing/2022/11/16/3-top-stocks-to-buy-for-the-long-haul/,-0.296
2 Monster Stocks to Buy for 2023 That Are Practically Minting Money,AAPL,2022-11-15T12:00:00Z,https://www.fool.com/investing/2022/11/15/2-monster-stocks-to-buy-for-2023-that-are-practica/,0.8625
Here Are All 19 Stocks Warren Buffett Has Bought Since 2022 Began,AAPL,2022-11-23T10:06:00Z,https://www.fool.com/investing/2022/11/23/19-stocks-warren-buffett-bought-since-2022-began/,0.296
89% of Warren Buffett's Portfolio Is Invested in These 12 Stocks,AAPL,2022-11-21T10:06:00Z,https://www.fool.com/investing/2022/11/21/89-warren-buffett-portfolio-invested-in-12-stocks/,0.7579
4 Stocks Warren Buffett Is Almost Certain to Buy in 2023,AAPL,2022-12-12T10:06:00Z,https://www.fool.com/investing/2022/12/12/4-stocks-warren-buffett-is-certain-to-buy-in-2023/,-0.1027
3 Top Tech Stocks to Buy Right Now,AAPL,2022-12-02T10:49:00Z,https://www.fool.com/investing/2022/12/02/3-top-tech-stocks-to-buy-right-now/,-0.2732
3 Warren Buffett Stocks That Could Set You Up for Life,AAPL,2022-11-22T10:50:00Z,https://www.fool.com/investing/2022/11/22/warren-buffett-growth-stocks-that-could-set-you-up/,0.765
59% of Warren Buffett's Portfolio Is Invested in Just 3 Stocks,AAPL,2022-12-09T10:06:00Z,https://www.fool.com/investing/2022/12/09/59-warren-buffett-portfolio-invested-in-3-stocks/,-0.1027
1 Green Flag and 1 Red Flag for TSMC's Future,AAPL,2022-12-04T13:04:00Z,https://www.fool.com/investing/2022/12/04/1-green-flag-and-1-red-flag-for-tsmcs-future/,-0.3612
Apple's Extreme Dependence on China Can No Longer Be Ignored,AAPL,2022-11-28T14:33:26Z,https://www.fool.com/investing/2022/11/28/apples-extreme-dependence-on-china-can-no-longer-b/,0.0772
Should Samsung Buy This Longtime Technology Partner?,AAPL,2022-12-08T15:18:52Z,https://www.fool.com/investing/2022/12/08/should-samsung-buy-this-longtime-tech-partner/,0.2023
93% of Warren Buffett's Portfolio Is in These 4 Sectors,AAPL,2022-11-25T10:06:00Z,https://www.fool.com/investing/2022/11/25/93-warren-buffett-portfolio-is-in-these-4-sectors/,0.6249
3 Stocks Billionaires Have Bought Ahead of 2023,AAPL,2022-12-04T12:45:00Z,https://www.fool.com/investing/2022/12/04/3-stocks-billionaires-have-bought-ahead-of-2023/,-0.1793
3 No-Brainer Stocks to Buy Amid the Tech Sell-Off,AAPL,2022-12-09T16:30:00Z,https://www.fool.com/investing/2022/12/09/3-no-brainer-stocks-to-buy-amid-the-tech-sell-off/,0.7425
"Got $2,000? Two Tech Stocks to Buy and Hold for the Long Term",AAPL,2022-12-01T11:10:00Z,https://www.fool.com/investing/2022/12/01/got-2000-two-tech-stocks-to-buy-and-hold-for-the-l/,0.765
3 Stocks That Could Triple in 3 Years,AAPL,2022-11-27T12:00:00Z,https://www.fool.com/investing/2022/11/27/3-stocks-that-could-triple-in-3-years/,0.0516
"Why Netflix, Apple, Amazon, and Other FAANG-M Stocks Rocketed Higher Today",AAPL,2022-11-30T21:32:11Z,https://www.fool.com/investing/2022/11/30/why-netflix-apple-amazon-and-other-faang-stocks-so/,-0.7351
Taiwan Semiconductor's Arizona Fab Could Mean Big Wins for 2 Other Chip Stocks,AAPL,2022-12-09T12:05:00Z,https://www.fool.com/investing/2022/12/09/taiwan-semiconductors-arizona-fab-could-mean-big-w/,-0.8002
Is Apple A Value Or Growth Stock?,AAPL,2022-12-07T23:49:14Z,https://www.forbes.com/sites/johnbuckingham/2022/12/07/is-apple-a-value-or-growth-stock/,0.7717
Three Doji Buys For December,AAPL,2022-11-30T16:24:11Z,https://www.forbes.com/sites/tomaspray/2022/11/30/three-doji-buys-for-december/,0.0
Warren Buffett And David Rolfe Agree On These 6 Stocks,AAPL,2022-12-02T21:15:14Z,https://www.forbes.com/sites/gurufocus/2022/12/02/warren-buffett-and-david-rolfe-agree-on-these-6-stocks/,0.0
Can Bilibili be the Chinese Version of YouTube?,GOOGL,2022-12-12T13:00:00Z,https://www.marketbeat.com/originals/can-bilibili-be-the-chinese-version-of-youtube/,0.0
3 Stocks to Buy Now That Could Help Renovate Your Portfolio In 2023,GOOGL,2022-12-02T14:02:11Z,https://stocknews.com/news/low-adt-hni-3-stocks-to-buy-now-that-could-help-renovate-your/,0.7264
The 'exceptionalism of technology' is probably over for the stock market: Goldman,GOOGL,2022-11-29T10:51:45Z,https://finance.yahoo.com/news/goldman-sachs-big-tech-stock-market-outlook-105145257.html,0.2732
Amazon Web Services plans to be water positive by 2030,GOOGL,2022-11-28T05:00:08Z,https://finance.yahoo.com/news/amazon-web-services-plans-to-be-water-positive-by-2030-050008501.html,0.7717
This Trillion-Dollar Growth Stock Is a Once-in-a-Decade Buying Opportunity in a Nasdaq Bear Market,GOOGL,2022-11-16T17:00:00Z,https://www.fool.com/investing/2022/11/16/this-trillion-dollar-growth-stock-is-a-once-in-a-d/,0.7579
Why Alphabet Stock Jumped Today,GOOGL,2022-11-15T18:22:50Z,https://www.fool.com/investing/2022/11/15/why-alphabet-stock-jumped-today/,-0.5859
Is This the Biggest Threat to Google?,GOOGL,2022-12-09T15:30:00Z,https://www.fool.com/investing/2022/12/09/is-this-the-biggest-threat-to-google/,0.2023
4 Growth Stocks to Watch Right Now,GOOGL,2022-11-14T14:01:00Z,https://www.fool.com/investing/2022/11/14/4-growth-stocks-to-watch-right-now/,0.0
4 Growth Stocks That Have My Attention During This Downturn,GOOGL,2022-12-13T11:06:00Z,https://www.fool.com/investing/2022/12/13/4-growth-stocks-that-have-my-attention-during-this/,0.0
10 Reasons to Buy Alphabet Stock Now,GOOGL,2022-11-22T13:03:00Z,https://www.fool.com/investing/2022/11/22/10-reasons-to-buy-alphabet-stock-now/,0.7046
2 Cheap Tech Stocks to Buy Right Now,GOOGL,2022-12-09T16:47:00Z,https://www.fool.com/investing/2022/12/09/2-cheap-tech-stocks-to-buy-right-now/,-0.7097
Stock Market Rally: 3 Once-in-a-Decade Buying Opportunities,GOOGL,2022-11-14T10:52:00Z,https://www.fool.com/investing/2022/11/14/stock-market-rally-3-once-in-a-decade-buying-oppor/,0.3612
Is Magnite Stock a Buy Now?,GOOGL,2022-11-13T14:41:00Z,https://www.fool.com/investing/2022/11/13/is-magnite-stock-a-buy-now/,0.0
The Best FAANG Stock to Buy in December,GOOGL,2022-12-01T10:55:00Z,https://www.fool.com/investing/2022/12/01/the-best-faang-stock-to-buy-in-december/,0.7984
Is It Too Late to Buy These 2 Stock-Split Stocks?,GOOGL,2022-12-05T11:00:00Z,https://www.fool.com/investing/2022/12/05/is-it-too-late-to-buy-these-2-stock-split-stocks/,-0.128
Alphabet's Stock Has Reached a Once-in-a-Decade Buying Opportunity,GOOGL,2022-11-15T14:15:00Z,https://www.fool.com/investing/2022/11/15/alphabets-stock-has-reached-a-once-in-a-decade-opp/,0.7579
"Zoom Stock: Buy, Sell, or Hold in 2023?",GOOGL,2022-11-15T11:59:00Z,https://www.fool.com/investing/2022/11/15/zoom-stock-buy-sell-or-hold-in-2023/,0.6908
3 Stocks You'll Be Glad You Bought at These Prices,GOOGL,2022-11-12T10:53:00Z,https://www.fool.com/investing/2022/11/12/3-stocks-youll-be-glad-you-bought-at-these-prices/,0.6249
"Down 33% Year to Date, Is Alphabet Stock a Buy Now?",GOOGL,2022-11-23T10:58:00Z,https://www.fool.com/investing/2022/11/23/is-alphabet-stock-a-buy-now/,0.3612
1 No-Brainer Stock to Buy Right Now for Less Than $100,GOOGL,2022-11-27T10:20:00Z,https://www.fool.com/investing/2022/11/27/1-no-brainer-stock-to-buy-right-now-for-less-than/,-0.1531
Is Alphabet the Top Tech Stock to Buy In 2023?,GOOGL,2022-11-25T12:00:00Z,https://www.fool.com/investing/2022/11/25/is-alphabet-the-top-tech-stock-to-buy-in-2023/,-0.5096
Is The Trade Desk Stock a Buy Now?,GOOGL,2022-11-18T10:35:00Z,https://www.fool.com/investing/2022/11/18/is-the-trade-desk-stock-a-buy-now/,0.5106
Why Alphabet Stock Is a Buy Despite YouTube's Revenue Drop,GOOGL,2022-12-02T11:30:00Z,https://www.fool.com/investing/2022/12/02/why-alphabet-stock-is-a-buy-despite-youtubes-reven/,-0.5994
What the Smartest Investors Know About Netflix's Stock,GOOGL,2022-12-13T11:05:00Z,https://www.fool.com/investing/2022/12/13/what-the-smartest-investors-know-about-netflixs-st/,0.0
"Down 36% From Its High, Is Alphabet Stock a Screaming Buy Right Now?",GOOGL,2022-12-09T11:07:00Z,https://www.fool.com/investing/2022/12/09/down-from-high-is-alphabet-stock-a-screaming-buy/,-0.0
The Safest and Riskiest FAANG Stocks to Buy Right Now,GOOGL,2022-11-21T10:52:00Z,https://www.fool.com/investing/2022/11/21/the-safest-and-riskiest-faang-stocks-to-buy-right/,0.34
2 Stock-Split Stocks That Can Double Your Money by 2026,GOOGL,2022-11-16T10:06:00Z,https://www.fool.com/investing/2022/11/16/2-stock-split-stocks-can-double-your-money-by-2026/,-0.5859
1 Impressive Metric Shows How Well DigitalOcean Is Doing -- Is the Stock a Buy?,GOOGL,2022-11-15T10:25:00Z,https://www.fool.com/investing/2022/11/15/impressive-metric-how-well-digitalocean-stock-buy/,-0.5106
1 Remarkable Tech Stock Growing Sales Faster Than Google and Meta Platforms,GOOGL,2022-11-15T10:40:00Z,https://www.fool.com/investing/2022/11/15/1-stock-growing-faster-than-google-meta-platforms/,-0.7269
My Top FAANG Stock For 2023 -- and It Isn't Even Close,GOOGL,2022-11-20T10:54:00Z,https://www.fool.com/investing/2022/11/20/my-top-faang-stock-for-2023-and-it-isnt-even-close/,-0.1238
2 Catalysts That Could Turn Alphabet's Stock Around Before 2022 Is Up,GOOGL,2022-12-07T10:45:00Z,https://www.fool.com/investing/2022/12/07/2-catalysts-that-could-turn-alphabets-stock-around/,0.2263
An Activist Investor Is Going After Alphabet. Does That Make the Stock a Buy?,GOOGL,2022-11-21T16:00:00Z,https://www.fool.com/investing/2022/11/21/an-activist-investor-is-going-after-alphabet-does/,0.4939
Over Half of Millennials Own Stocks. Here Are 3 Stock Ideas to Start Your Own Portfolio.,GOOGL,2022-11-15T15:30:00Z,https://www.fool.com/investing/2022/11/15/over-half-of-millennials-own-stocks-here-are-3/,-0.3622
Better FAANG Stock to Buy Before 2022 Ends: Alphabet vs. Amazon,GOOGL,2022-12-08T10:20:00Z,https://www.fool.com/investing/2022/12/08/better-faang-stock-to-buy-before-2022-ends-alphabe/,0.3818
3 Top Stocks to Buy in December and Hold Forever,GOOGL,2022-12-06T10:52:00Z,https://www.fool.com/investing/2022/12/06/3-top-stocks-to-buy-in-december-and-hold-forever/,0.1531
"Why Netflix, Alphabet, and UPS Stocks Slipped on Thursday",GOOGL,2022-11-17T17:17:58Z,https://www.fool.com/investing/2022/11/17/why-netflix-alphabet-and-ups-stocks-slipped-on-thu/,0.6124
Publicly Traded Companies: Definition and Examples,GOOGL,2022-12-12T20:11:10Z,https://www.fool.com/investing/stock-market/basics/publicly-traded-companies/,0.5267
12 Top Stocks to Buy in December,GOOGL,2022-12-03T10:57:00Z,https://www.fool.com/investing/2022/12/03/12-top-stocks-to-buy-in-december/,0.296
2 Robinhood Stocks With Market-Beating Potential,GOOGL,2022-11-30T11:23:00Z,https://www.fool.com/investing/2022/11/30/2-robinhood-stocks-with-market-beating-potential/,-0.4497
"Got $5,000? Buy and Hold These 3 Value Stocks for Years",GOOGL,2022-11-22T10:35:00Z,https://www.fool.com/investing/2022/11/22/got-5000-buy-hold-these-3-value-stocks-years/,0.8268
"1 Green Flag for DocuSign in 2023, and 1 Red Flag",GOOGL,2022-11-15T16:28:27Z,https://www.fool.com/investing/2022/11/15/1-green-flag-for-docusign-in-2023-and-1-red-flag/,-0.1531
2 Stocks Under $100 You Can Buy and Hold Forever,GOOGL,2022-11-26T13:53:00Z,https://www.fool.com/investing/2022/11/26/2-stocks-under-100-you-can-buy-and-hold-forever/,-0.128
3 Best Metaverse Stocks to Buy in 2022 and Beyond,GOOGL,2022-12-07T11:11:00Z,https://www.fool.com/investing/2022/12/07/3-best-metaverse-stocks-to-buy-in-2022-and-beyond/,-0.9042
"The Best Stocks to Invest $50,000 in Right Now",GOOGL,2022-12-11T13:54:00Z,https://www.fool.com/investing/2022/12/11/the-best-stocks-to-invest-50000-in-right-now/,0.2263
3 Top Growth Stocks to Buy Sooner Rather Than Later,GOOGL,2022-11-18T10:56:00Z,https://www.fool.com/investing/2022/11/18/top-growth-stocks-to-buy-sooner-rather-than-later/,0.9062
2 Bargain Stocks That You Can Buy Today and Hold Forever,GOOGL,2022-12-01T10:55:00Z,https://www.fool.com/investing/2022/12/01/2-bargain-stocks-buy-today-hold-forever/,0.3853
2 FAANG Stocks to Buy Before 2022 Ends,GOOGL,2022-12-04T12:09:00Z,https://www.fool.com/investing/2022/12/04/2-faang-stocks-to-buy-before-2022-ends/,-0.296
3 Stocks You'll Be Thankful to Own in 2023,GOOGL,2022-11-24T12:07:00Z,https://www.fool.com/investing/2022/11/24/3-stocks-youll-be-thankful-to-own-in-2023/,0.9062
Here Are All 23 Stocks I've Bought During the 2022 Bear Market,GOOGL,2022-11-13T10:21:00Z,https://www.fool.com/investing/2022/11/13/all-23-stocks-ive-bought-during-2022-bear-market/,0.0
2 Top AI Stocks Ready for a Bull Run,GOOGL,2022-11-15T10:30:00Z,https://www.fool.com/investing/2022/11/15/2-top-ai-stocks-ready-for-a-bull-run/,0.4019
2 Supercharged Tech Stocks to Buy Without Any Hesitation,GOOGL,2022-12-02T12:00:00Z,https://www.fool.com/investing/2022/12/02/2-supercharged-tech-stocks-to-buy-without-any-hesi/,0.1531
3 Top Stocks That Just Went on Sale,GOOGL,2022-12-01T14:00:00Z,https://www.fool.com/investing/2022/12/01/3-top-stocks-that-just-went-on-sale/,0.891
"After Amazon and Meta, Will Alphabet Be Next to Do Layoffs?",GOOGL,2022-11-23T10:25:00Z,https://www.fool.com/investing/2022/11/23/after-amazon-meta-alphabet-next-to-do-layoffs/,0.5106
"Got $2,500? 2 Top Stocks That You Can Buy and Hold for a Lifetime",GOOGL,2022-11-18T17:15:00Z,https://www.fool.com/investing/2022/11/18/got-2500-2-top-stocks-that-you-can-buy-and-hold-fo/,0.1901
4 of the Best Stocks to Buy With $100 in 2023,GOOGL,2022-12-13T10:06:00Z,https://www.fool.com/investing/2022/12/13/4-of-the-best-stocks-to-buy-with-100-in-2023/,0.5719
3 Unparalleled Stocks to Buy That Have Never Been This Cheap,GOOGL,2022-12-05T10:21:00Z,https://www.fool.com/investing/2022/12/05/3-unparalleled-stocks-to-buy-never-been-this-cheap/,0.5423
3 Monster Growth Stocks to Buy in 2023 That Could Set You Up For Life,GOOGL,2022-12-11T12:30:00Z,https://www.fool.com/investing/2022/12/11/3-monster-growth-stocks-buy-2023-could-set-up-life/,-0.128
Nasdaq Bear Market: 5 Impressive Growth Stocks You'll Regret Not Buying on the Dip,GOOGL,2022-12-03T10:06:00Z,https://www.fool.com/investing/2022/12/03/nasdaq-bear-market-5-growth-stocks-regret-not-buy/,0.3182
Nasdaq Bear Market: 5 Exceptionally Cheap Growth Stocks You'll Regret Not Buying on the Dip,GOOGL,2022-12-10T10:06:00Z,https://www.fool.com/investing/2022/12/10/nasdaq-bear-market-5-growth-stocks-regret-not-buy/,-0.3197
Investing in These 2 Tech Stocks Now Could Be a Genius Move,GOOGL,2022-11-18T21:15:00Z,https://www.fool.com/investing/2022/11/18/investing-in-these-2-tech-stocks-now-could-be-a-ge/,-0.4445
Prediction: These Will Be 2 of the Strongest Stocks in 2023,GOOGL,2022-11-16T15:00:00Z,https://www.fool.com/investing/2022/11/16/prediction-these-will-be-2-strongest-stocks-2023/,-0.3612
2023 Is Coming: 2 Trillion-Dollar Growth Stocks to Buy Before the New Year,GOOGL,2022-11-22T10:10:00Z,https://www.fool.com/investing/2022/11/22/2023-2-trillion-dollar-growth-stocks-buy-new-year/,0.0
3 No-Brainer Stocks to Buy Amid the Tech Sell-Off,GOOGL,2022-12-09T16:30:00Z,https://www.fool.com/investing/2022/12/09/3-no-brainer-stocks-to-buy-amid-the-tech-sell-off/,0.7425
3 Cheap AI Stocks to Buy Before the End of 2022,GOOGL,2022-12-11T12:25:00Z,https://www.fool.com/investing/2022/12/11/3-cheap-ai-stock-to-buy-before-the-end-of-2022/,0.1531
Nasdaq Bear Market: 5 Jaw-Dropping Growth Stocks You'll Regret Not Buying on the Dip,GOOGL,2022-11-19T10:06:00Z,https://www.fool.com/investing/2022/11/19/nasdaq-bear-market-5-growth-stocks-regret-not-buy/,0.4005
"Why Netflix, Apple, Amazon, and Other FAANG-M Stocks Rocketed Higher Today",GOOGL,2022-11-30T21:32:11Z,https://www.fool.com/investing/2022/11/30/why-netflix-apple-amazon-and-other-faang-stocks-so/,-0.7351
Better Buy: Walt Disney vs. Netflix,GOOGL,2022-12-01T14:10:00Z,https://www.fool.com/investing/2022/12/01/better-buy-walt-disney-vs-netflix/,-0.296
Tech Sell-Off: 2 Nasdaq Stocks Billionaires Are Buying Hand Over Fist,GOOGL,2022-12-01T10:42:00Z,https://www.fool.com/investing/2022/12/01/tech-unstoppable-growth-stocks-billionaire-buy/,-0.068
2 FAANG Stocks Billionaires Are Buying Hand Over Fist in a Nasdaq Bear Market,GOOGL,2022-12-07T10:20:00Z,https://www.fool.com/investing/2022/12/07/2-faang-stocks-billionaires-buy-nasdaq-bear-market/,-0.4215
Is Alphabet (GOOG/GOOGL) A Value Or Growth Stock?,GOOGL,2022-11-23T18:13:43Z,https://www.forbes.com/sites/johnbuckingham/2022/11/23/is-alphabet-googgoogl-a-value-or-growth-stock/,0.8256
Attacks On TikTok Bring Surprising Upside For Snap,GOOGL,2022-12-07T16:28:14Z,https://www.forbes.com/sites/jonmarkman/2022/12/07/attacks-on-tiktok-bring-surprising-upside-for-snap/,0.0
3 Funds With Incredible Yields Up To 13.7% For 2023,GOOGL,2022-11-27T13:45:00Z,https://www.forbes.com/sites/michaelfoster/2022/11/27/3-funds-with-incredible-yields-up-to-137-for-2023/,0.3182
Why Alphabet Will Benefit From Stunning Rise Of Malevolent AIs,GOOGL,2022-12-08T16:25:02Z,https://www.forbes.com/sites/jonmarkman/2022/12/08/why-alphabet-will-benefit-from-stunning-rise-of-malevolent-ais/,-0.6486
Is SPY Stock A Buy Right Now? What To Know About World's Top Index,GOOGL,2022-11-19T13:26:05Z,https://biztoc.com/x/057b7edcd6d27d3e,0.3182
"Jim Cramer's top 10 things to watch in the market Thursday: War cloud, Salesforce downgrade, GameStop quarter",GOOGL,2022-12-08T17:06:06Z,https://biztoc.com/x/b4d2bb5af53934ca,0.0
"Dow Jones Futures: Cisco, Nvidia Move On Earnings; Key Recession Signal Intensifies | Investor's Business Daily - Investor's Business Daily",GOOGL,2022-11-16T23:38:00Z,https://www.investors.com/market-trend/stock-market-today/dow-jones-futures-cisco-nvidia-earnings-recession-signal-intensifies/,-0.4404
MSFT Stock: Microsoft Facing Antitrust Reviews - Investor's Business Daily,GOOGL,2022-11-25T18:03:00Z,https://www.investors.com/news/technology/msft-stock-microsoft-facing-antitrust-reviews/,0.0
How An Orphanage Made $1.8 Billion This Year On One Stock - Investor's Business Daily,GOOGL,2022-11-21T13:00:00Z,https://www.investors.com/etfs-and-funds/sectors/sp500-how-an-orphanage-made-billion-gain-this-year-on-one-stock/,0.1531
What To Do After Stock Market Rally - Investor's Business Daily,GOOGL,2022-11-17T23:00:00Z,https://www.investors.com/market-trend/stock-market-today/dow-jones-futures-market-rally-rebounds-from-key-levels-earnings-movers/,0.0
Chinese consumers are wary. Alibaba's sales miss forecasts - CNN,GOOGL,2022-11-17T14:13:00Z,https://www.cnn.com/2022/11/17/investing/alibaba-earnings-chinese-consumers/index.html,-0.4779
How Cloud Computing Giant Microsoft Is Changing The Cybersecurity Market - Investor's Business Daily,GOOGL,2022-12-01T16:31:00Z,https://www.investors.com/news/technology/how-cloud-computing-giant-microsoft-is-changing-the-cybersecurity-market/,-0.6808
iRobot Is Now A Compelling Buy,GOOGL,2022-12-09T11:56:01Z,https://seekingalpha.com/article/4563469-irobot-now-compelling-buy,0.4215
Nvidia: Prepare To Be Underwhelmed,GOOGL,2022-12-09T21:15:52Z,https://seekingalpha.com/article/4563614-nvidia-prepare-to-be-underwhelmed,0.7003
Datadog: Strong Growth And Outstanding Execution,GOOGL,2022-11-28T20:15:43Z,https://seekingalpha.com/article/4560901-datadog-strong-growth-and-outstanding-execution,0.7351
Baidu Q3 Earnings Preview: Current Undervaluation And AI Strength Make Baidu A Buy,GOOGL,2022-11-21T03:51:01Z,https://seekingalpha.com/article/4559367-baidu-q3-earnings-preview-current-undervaluation-and-ai-strength-make-baidu-a-buy,0.3612
Can You Find Alpha With The Trade Desk At This Price?,GOOGL,2022-11-13T13:39:46Z,https://seekingalpha.com/article/4557196-can-you-find-alpha-with-the-trade-desk-at-this-price,0.6478
Backblaze Feels Slowdown As Operating Losses Mount,GOOGL,2022-12-01T05:23:11Z,https://seekingalpha.com/article/4561624-backblaze-stock-slowdown-operating-losses-mount,-0.2263
NetApp: Value Stock Or Value Trap?,GOOGL,2022-12-08T20:55:30Z,https://seekingalpha.com/article/4563313-netapp-value-stock-or-value-trap,0.5499
VUG: Now Could Be The Best Time To Buy,GOOGL,2022-11-15T21:28:22Z,https://seekingalpha.com/article/4558149-vug-now-could-be-the-best-time-to-buy,0.8807
Digital Turbine: Some Good News Are Not Good Enough For Me,GOOGL,2022-12-12T15:13:34Z,https://seekingalpha.com/article/4563916-digital-turbine-good-news-not-good-enough,0.4019
LendingTree Is A Potential Value Trap,GOOGL,2022-11-21T12:13:27Z,https://seekingalpha.com/article/4559446-lendingtree-stock-value-trap,-0.4215
Uber: Hyper-Growth From Its 3 Growth Engines,GOOGL,2022-11-30T23:59:53Z,https://seekingalpha.com/article/4561554-uber-hyper-growth-from-its-three-growth-engines,0.4215
"Informatica: Good Business, Good Product, But Fairly Valued",GOOGL,2022-11-28T19:08:10Z,https://seekingalpha.com/article/4560883-informatica-good-business-good-product-but-fairly-valued,0.6164
Meta Platforms: Metaverse A Weak Spot; Still A Buy!,GOOGL,2022-12-05T19:22:34Z,https://seekingalpha.com/article/4562422-meta-metaverse-a-weakspot-still-a-buy,0.9423
Tracking David Tepper's Appaloosa Management Portfolio - Q3 2022 Update,GOOGL,2022-11-28T10:32:35Z,https://seekingalpha.com/article/4560775-david-tepper-appaloosa-management-portfolio-q3-2022-update,0.0
Analyzing 13Fs: Public Investment Fund (Saudi Sovereign Wealth Fund) Q3 2022,GOOGL,2022-12-08T09:42:10Z,https://seekingalpha.com/article/4563154-analyzing-13f-public-investment-saudi-sovereign-wealth-fund-q3-2022,0.3182
Mulling Over Momentive Global,GOOGL,2022-11-17T18:20:45Z,https://seekingalpha.com/article/4558769-mulling-over-momentive-global,-0.1027
Here's How Long The Bear Market Could Last,GOOGL,2022-11-30T04:13:16Z,https://seekingalpha.com/article/4561277-heres-how-long-the-bear-market-could-last,0.3818
What Is The 2023 Forecast For Tech Stocks?,GOOGL,2022-11-28T13:45:00Z,https://seekingalpha.com/article/4560496-2023-forecast-tech-stocks,0.5106
I Quant My Money Back!,GOOGL,2022-12-06T12:30:00Z,https://seekingalpha.com/article/4562614-picking-stocks-by-quant-avoid-losses,0.8481
The Morning After: Senator tells Elon Musk: ‘Fix your companies’,META,2022-11-14T12:15:56Z,https://www.engadget.com/the-morning-after-senator-tells-elon-musk-fix-your-companies-121556094.html,-0.4939
"40 Best Walmart Cyber Monday Deals (2022): TVs, Vacuums, Earbuds, and More",META,2022-11-27T15:53:00Z,https://www.wired.com/story/best-walmart-cyber-monday-deals-2022/,0.4215
Kanto’s YU2 desktop speakers are a great gift for $190,META,2022-12-03T13:51:35Z,https://www.theverge.com/2022/12/3/23489751/kantos-yu2-desktop-speakers-sonos-soundbar-white-noise-machine-ps5-deal-sale,0.7906
Phil Spencer really wants you to know that native Call of Duty will stay on PlayStation,META,2022-11-15T14:41:25Z,https://www.theverge.com/23459189/phil-spencer-microsoft-activision-call-of-duty-xbox-playstation-candy-crush-apple-fortnite-vr,0.3612
"Forget the Metaverse, Zuck Says WhatsApp Could Be the Real Money Machine",META,2022-11-18T16:00:00Z,https://gizmodo.com/meta-facebook-metaverse-whatsapp-mark-zuckerberg-1849801017,0.1695
This Privacy Ruling Against Facebook and Instagram Could Spell the End of Targeted Ads,META,2022-12-07T00:18:00Z,https://gizmodo.com/facebook-instagram-targeted-ads-europe-privacy-ruling-1849860593,-0.2584
Is the worst over for bitcoin and the rest of crypto?,META,2022-12-04T15:53:19Z,https://www.cnn.com/2022/12/04/investing/stocks-week-ahead/index.html,0.0
Yahoo eyes retail stock trading in growth push - Axios - Reuters,META,2022-11-29T16:31:00Z,https://www.reuters.com/business/yahoo-eyes-retail-stock-trading-growth-push-axios-2022-11-29/,0.4019
'Big Short' fund manager Burry buys another prison stock - Reuters,META,2022-11-14T17:50:00Z,https://www.reuters.com/business/finance/big-short-fund-manager-burry-buys-another-prison-stock-2022-11-14/,-0.3818
"Futures edge higher on boost from growth stocks, hopes of looser China COVID curbs - Reuters",META,2022-11-29T12:37:00Z,https://www.reuters.com/markets/us/futures-edge-higher-boost-growth-stocks-hopes-looser-china-covid-curbs-2022-11-29/,0.7096
Wall St futures slip on China COVID woes; Apple falls - Reuters,META,2022-11-28T11:46:00Z,https://www.reuters.com/markets/us/wall-st-futures-slip-china-covid-woes-apple-falls-2022-11-28/,0.1779
"Futures edge up ahead of jobs data, recession fears loom - Reuters",META,2022-12-08T12:10:00Z,https://www.reuters.com/markets/us/futures-edge-up-ahead-jobs-data-recession-fears-loom-2022-12-08/,-0.7351
Futures flat after strong Wall Street rally; Salesforce slides - Reuters,META,2022-12-01T13:03:00Z,https://www.reuters.com/markets/us/futures-flat-after-strong-wall-street-rally-salesforce-slides-2022-12-01/,0.7269
Salesforce shares tumble after surprise exit of co-CEO Taylor - Reuters,META,2022-12-01T13:46:00Z,https://www.reuters.com/technology/salesforce-shares-tumble-after-surprise-exit-co-ceo-taylor-2022-12-01/,0.296
Tax-loss selling in battered U.S. stocks could spur January snap-back - Reuters,META,2022-12-08T19:32:00Z,https://www.reuters.com/markets/us/tax-loss-selling-battered-us-stocks-could-spur-january-snap-back-2022-12-08/,0.1027
Morning Bid: Five Alive - Reuters.com,META,2022-12-06T11:08:00Z,https://www.reuters.com/markets/global-markets-view-usa-2022-12-06/,0.2263
"Early Black Friday Amazon deals: cheap TVs, headphones, laptops, phones, and more",META,2022-11-14T18:20:07Z,https://www.androidcentral.com/news/live/black-friday-amazon-deals-111422,0.9377
UK chip designer Arm delays London listing until well into 2023,META,2022-11-20T16:38:56Z,https://www.theguardian.com/business/2022/nov/20/uk-chip-designer-arm-delays-london-listing-2023,-0.4404
I too quit Twitter this week – and have never been more relieved | Bidisha Mamata,META,2022-11-19T16:00:01Z,https://www.theguardian.com/commentisfree/2022/nov/19/i-too-quit-twitter-last-never-been-more-relieved,0.6486
Concern as US media hit with wave of layoffs amid rise of disinformation,META,2022-12-10T10:00:04Z,https://www.theguardian.com/media/2022/dec/10/media-layoffs-cnn-buzzfeed-gannett-recount-protocol,0.0
"The grotesque inequality embodied by Musk, Bezos and Zuckerberg is a threat to democracy | Jeff Sparrow",META,2022-11-18T04:49:55Z,https://www.theguardian.com/commentisfree/2022/nov/18/the-grotesque-inequality-embodied-by-musk-bezos-and-zuckerberg-is-a-threat-to-democracy,0.8811
"Google Survived 2022 OK, But it Wasn't Always Pretty - CNET",META,2022-12-02T15:41:10Z,https://www.cnet.com/tech/google-survived-2022-ok-but-it-wasnt-always-pretty/,-0.2382
Amazon's 48 Hours of Black Friday Deals Officially Kick Off on Nov. 24 - CNET,META,2022-11-14T23:10:00Z,https://www.cnet.com/tech/amazon-announces-48-hours-of-black-friday-deals-starting-nov-24/,0.875
"Amazon to Lay Off About 10,000 Employees, According to a New Report",META,2022-11-14T17:02:00Z,https://www.entrepreneur.com/business-news/report-amazon-to-lay-off-10000-employees/439108,0.6808
"'I Am Fully Aware This Will Be A Difficult Process': Disney to Freeze Hiring, Possibly Conduct Layoffs, Per Internal Memo",META,2022-11-14T17:05:00Z,https://www.entrepreneur.com/business-news/disney-to-freeze-hiring-possibly-lay-off-employees/439104,0.0
Elon Musk will reportedly keep awarding Twitter employees stock and options – even though the company is now private,META,2022-11-15T14:35:38Z,https://markets.businessinsider.com/news/stocks/elon-musk-twitter-takeover-stock-options-space-x-employees-pay-2022-11,0.0
Disney's Bob Iger shocker is the latest sign that Wall Street is calling the shots at major companies. Here are 3 other titans that have felt activist pressure this year.,META,2022-11-21T18:25:48Z,https://markets.businessinsider.com/news/stocks/wall-street-activist-investor-campaigns-bob-iger-returns-disney-ceo-2022-11,0.4748
'The Metaverse will be our slow death': Meta employees hit out at Mark Zuckerberg in Blind reviews,META,2022-11-12T16:50:39Z,https://www.businessinsider.com/meta-employees-hit-out-at-mark-zuckerberg-in-blind-reviews-2022-11,-0.7506
Tech kept talent happy doling out stock during the boom. It's screwing investors in the bust.,META,2022-12-01T19:29:58Z,https://www.businessinsider.com/stock-based-compensation-wrecking-tech-shares-stock-slump-2022-12,0.0772
"The S&P 500 could drop 24% within months as earnings gloom reaches a crescendo, Morgan Stanley's top stock picker warns",META,2022-11-30T11:54:59Z,https://markets.businessinsider.com/news/stocks/stock-outlook-plunge-months-bear-market-morgan-stanley-crash-recession-2022-11,-0.3612
Jim Simons' RenTech fund virtually eliminated its $500 million Tesla stake last quarter - and slashed its Twitter bet by 90%,META,2022-11-16T11:28:07Z,https://markets.businessinsider.com/news/stocks/jim-simons-rentech-tesla-twitter-stock-elon-musk-q3-portfolio-2022-11,0.3612
Mark Cuban says investors aren't facing another dot-com crash - and shrugs off Elon Musk's rocky start at Twitter,META,2022-11-14T11:30:36Z,https://markets.businessinsider.com/news/stocks/mark-cuban-dot-com-bubble-tech-stocks-elon-musk-twitter-2022-11,-0.6801
"Cyber Monday gaming deals: The best discounts on consoles, games, accessories, and more",META,2022-11-28T16:00:26Z,https://www.businessinsider.com/guides/deals/cyber-monday-gaming-deals-2022-11,0.8387
"Why corporate leaders like Mark Zuckerberg, Jack Dorsey, and Evan Spiegel are all apologizing for the massive layoffs at their companies",META,2022-11-15T20:21:32Z,https://www.businessinsider.com/why-ceos-publicly-apologizing-for-mass-layoffs-at-tech-companies-2022-11,-0.7096
"The M&A market just went out with a bang after a terrible year, and it could be a sign of good times to come",META,2022-12-13T00:00:00Z,https://www.businessinsider.com/dealmaking-mergers-increase-in-2023-in-media-tech-2022-12,-0.4885
Meta Stock Jumps After False Report Mark Zuckerberg Was Planning to Step Down,META,2022-11-23T04:55:00Z,https://www.entrepreneur.com/business-news/meta-stock-jumps-1-percent-after-false-report-mark/439728,0.0
Top 10 Searched Stocks on MarketBeat All-Access,META,2022-12-08T06:05:00Z,https://www.marketbeat.com/originals/top-10-searched-stocks-on-marketbeat-all-access/,0.8834
Pure Storage is a Steady Eddie Growing Storage Play,META,2022-12-06T06:00:00Z,https://www.marketbeat.com/originals/pure-storage-is-a-steady-eddie-growing-storage-play/,0.3818
Could Pinduoduo Be the Best Chinese Stock to Own?,META,2022-12-07T06:00:00Z,https://www.marketbeat.com/originals/could-pinduoduo-be-the-best-chinese-stock-to-own/,0.0
'Your Data Is Worth Way More Than This': Amazon Will Pay You $2 A Month To Track Your Ad Data,META,2022-12-06T21:58:00Z,https://www.entrepreneur.com/business-news/amazon-shopper-panel-will-pay-2-a-month-for-your-data/440535,0.6124
3 Travel and Leisure Stocks That Are Worthy Bets Right Now,META,2022-12-05T14:46:38Z,https://stocknews.com/news/plya-trvg-bvh-3-travel-and-leisure-stocks-that-are-worthy-bets-right/,0.7845
"Amazon Reportedly Offered Voluntary Buyouts to Employees Amid Layoffs. Here's Why That Tactic Can Be Helpful, According to One HR Expert.",META,2022-11-17T20:40:00Z,https://www.entrepreneur.com/business-news/amazon-amid-layoffs-reportedly-conducting-voluntarily/439420,0.0516
Confused About Web3? Steve Aoki Dissects His Business to Show How You Can Make Money.,META,2022-11-22T14:11:00Z,https://www.entrepreneur.com/growth-strategies/confused-about-web3-steve-aoki-dissects-his-business-to/438912,0.3818
Tech Talent Is Flooding the Job Market,META,2022-11-22T13:05:47Z,https://hbr.org/2022/11/tech-talent-is-flooding-the-job-market,0.5423
Stock market news live updates: Stocks waver as retail earnings loom - Yahoo Canada Finance,META,2022-11-14T17:22:54Z,https://ca.finance.yahoo.com/news/stock-market-news-live-updates-november-14-2022-130152188.html,0.0
Amazon jobs: Mass layoffs at corporate level - CTV News,META,2022-11-16T20:46:13Z,https://www.ctvnews.ca/business/amazon-begins-mass-layoffs-among-its-corporate-workforce-1.6155951,-0.2732
Top Technology Companies You Should Know,META,2022-11-16T16:00:28Z,https://readwrite.com/top-technology-companies-you-should-know/,0.5267
The metaverse isn’t even here yet—but ambient computing is already very real,META,2022-11-23T00:05:00Z,https://www.fastcompany.com/90814962/the-metaverse-isnt-here-yet-but-ambient-computing-is-already-very-real?partner=rss&utm_source=twitter&utm_medium=social&utm_campaign=rss+fastcompany&utm_content=rss,0.659
Musk Restores Trump’s Twitter Account After Online Poll,META,2022-11-20T11:31:37Z,https://time.com/6235372/musk-trump-twitter-account/,-0.765
The rise of the video game union,META,2022-12-05T16:59:10Z,https://www.polygon.com/23485977/video-game-unions-guide-explainer,0.6705
La guerra del OLED ha empezado: LG solo fabricará paneles OLED EX para batir a Samsung,META,2022-11-29T14:01:32Z,https://www.xataka.com/televisores/guerra-oled-ha-empezado-lg-solo-fabricara-paneles-oled-ex-para-batir-a-samsung,0.34
"November jobs report: Unemployment rate held steady at 3.7% with 263,000 jobs added",META,2022-12-02T13:45:48Z,https://www.usatoday.com/story/money/economy/2022/12/02/november-jobs-report-stock-market-unemployment/10813377002/,-0.8744
"Shop the best 95+ December sales available today—save at Amazon, Walmart and Nordstrom",META,2022-12-04T21:49:14Z,https://www.usatoday.com/story/money/reviewed/2022/12/04/best-december-sales-2022/10833659002/,0.4019
"Daily Deals: PS5 In Stock, Mario + Rabbids: Sparks of Hope for $32, LEGO Back to the Future Delorean, and More",META,2022-12-09T18:23:31Z,https://www.ign.com/articles/daily-deals-ps5-god-of-war-mario-rabbids-sparks-hope-lego-apple-tv,0.7579
Mark Zuckerberg is set to resign next year – “will not affect metaverse”,META,2022-11-22T16:51:56Z,https://theleak.co/2022/11/22/mark-zuckerberg-is-set-to-resign-next-year/,-0.296
Web Platforms Collapse: The Facebook Case Study,META,2022-12-04T23:06:00Z,https://tedgioia.substack.com/p/how-web-platforms-collapse-the-facebook,-0.4946
There’s No Algorithms,META,2022-11-21T20:02:35Z,https://photomatt.tumblr.com/post/701509650060886017/dear-mr-gaiman-i-am-but-a-humble-refugee-from,-0.2263
2 Years at Twitter,META,2022-11-23T20:48:31Z,https://eed3si9n.com/2years-at-twitter/,-0.25
Startup Restructuring 101,META,2022-11-27T01:00:07Z,https://cyrilgrislain.substack.com/p/startup-restructuring-101,0.4939
What in the Ethereum application ecosystem excites me,META,2022-12-06T17:19:06Z,https://vitalik.eth.limo/general/2022/12/05/excited.html,0.8271
What in the Ethereum application ecosystem excites me,META,2022-12-06T11:32:57Z,https://vitalik.ca/general/2022/12/05/excited.html,0.8271
Accelerando (2005),META,2022-12-01T23:20:48Z,https://www.antipope.org/charlie/blog-static/fiction/accelerando/accelerando.html,0.3182
Apple analytics data sent from iPhones with or without consent; class action lawsuit filed,META,2022-11-14T12:26:36Z,https://9to5mac.com/2022/11/14/apple-analytics-data-sent-from-iphones-with-or-without-consent-class-action-lawsuit-filed/,0.34
FA Center: These 2 ETFs show why owning small-cap stocks is key to beating the market at times like this,META,2022-11-22T19:57:00Z,https://www.marketwatch.com/story/these-2-etfs-show-why-owning-small-cap-stocks-is-key-to-beating-the-market-at-times-like-this-11669147046,0.5994
Amazon latest big tech company with massive layoffs imminent,META,2022-11-14T20:17:24Z,https://appleinsider.com/articles/22/11/14/amazon-latest-big-tech-company-with-massive-layoffs-imminent,0.34
"Meta Quest 2 : rupture de stock en 256 Go, la version 128 Go est encore à prix fou",META,2022-11-27T07:55:50Z,https://www.journaldugeek.com/2022/11/27/meta-quest-2-rupture-de-stock-en-256-go-la-version-128-go-est-encore-a-prix-fou/,0.1779
"Avec l’insolence des prix Amazon, le casque VR Meta Quest 2 est une pure folie",META,2022-11-23T06:45:47Z,https://www.journaldugeek.com/2022/11/23/avec-linsolence-des-prix-amazon-le-casque-vr-meta-quest-2-est-une-pure-folie/,0.4588
"Avec ce Meta Quest 2 sur Amazon, la réalité virtuelle est à un prix dingue",META,2022-11-25T05:55:54Z,https://www.journaldugeek.com/2022/11/25/avec-ce-meta-quest-2-sur-amazon-la-realite-virtuelle-est-a-un-prix-dingue/,0.4588
"Black Friday : Amazon déclare la guerre des prix, 10 pépites ce lundi ⚡️",META,2022-11-21T14:18:00Z,https://www.journaldugeek.com/2022/11/21/black-friday-amazon-debute-la-guerre-des-prix-10-pepites-lundi/,0.1779
"Black Friday : Amazon lance la guerre des prix, 10 pépites ce lundi ⚡️",META,2022-11-21T05:45:00Z,https://www.journaldugeek.com/2022/11/21/black-friday-amazon-debute-la-guerre-des-prix-10-pepites-ce-lundi/,0.1779
"Black Friday : promos à gogo, Amazon écrase tous ses prix ⚡️",META,2022-11-23T05:00:24Z,https://www.journaldugeek.com/2022/11/23/black-friday-promos-a-gogo-amazon-ecrase-tous-ses-prix/,0.1779
"Black Friday : Amazon est fou, il offre -50% sur cette liste ",META,2022-11-25T12:16:00Z,https://www.journaldugeek.com/2022/11/25/black-friday-amazon-se-trompe-il-offre-50-sur-toute-liste/,0.5994
"Black Friday : ce lundi, Amazon sort 10 pépites pour Cyber Monday ⚡️",META,2022-11-28T06:00:00Z,https://www.journaldugeek.com/2022/11/28/black-friday-ce-lundi-matin-amazon-degaine-10-pepites-pour-cyber-monday/,0.0
Black Friday : Amazon panique et sort 7 offres de FOU ce mardi matin ⚡️,META,2022-11-22T05:35:00Z,https://www.journaldugeek.com/2022/11/22/black-friday-amazon-panique-et-sort-10-offres-de-fou-ce-mardi/,-0.1027
"Black Friday : à J-2, Amazon dévoile ses meilleures offres par erreur ⚡️",META,2022-11-23T10:48:00Z,https://www.journaldugeek.com/2022/11/23/black-friday-j-2-amazon-ecrase-tous-ses-prix/,0.1779
Meta's board game-playing AI can pass as a human in game negotiations,META,2022-11-22T15:00:18Z,https://www.newscientist.com/article/2348152-metas-board-game-playing-ai-can-pass-as-a-human-in-game-negotiations/,-0.8316
Investor tells Google: Cut costs now and stop paying staff so much,META,2022-11-16T13:27:40Z,https://www.theregister.com/2022/11/16/tci_fund_google_cut_costs_waymo_compensation/,-0.2732
"Meta Would Rather Remove News Than Pay Publishers via @sejournal, @MattGSouthern",META,2022-12-07T01:04:19Z,https://www.searchenginejournal.com/meta-us-news-jcpa/473266/,0.0
"SEO Testing: 8 Experiments To Improve Organic Traffic via @sejournal, @lorenbaker",META,2022-11-16T22:45:36Z,https://www.searchenginejournal.com/6-seo-experiments-will-blow-mind/181084/,0.0
"Référence du domaine, le casque VR Meta Quest 2 s’effondre chez Amazon",META,2022-11-19T07:05:48Z,https://www.presse-citron.net/?p=526374,0.0
"Cyber Monday Gaming Deals - Best PS5, Nintendo Switch, And Xbox Deals Available Now",META,2022-11-28T15:00:00Z,https://www.gamespot.com/gallery/cyber-monday-gaming-deals-best-ps5-nintendo-switch-and-xbox-deals-available-now/2900-4456/,0.296
"10 Image SEO Tips To Make A Website Users Will Love via @sejournal, @Brian_W_Gareth",META,2022-11-15T06:00:28Z,https://www.searchenginejournal.com/image-seo-tips-webceo-spcs/470364/,0.7184
"Qué es una custom ROM, cómo instalarla y cómo quitarla",META,2022-11-17T19:03:12Z,https://www.xatakandroid.com/tutoriales/que-custom-rom-como-instalarla-como-quitarla,0.34
"Meta Quest 2 : la version 256 Go en rupture, les 128 Go encore à prix mini",META,2022-11-28T08:20:53Z,https://www.presse-citron.net/?p=528131,0.0
Black Friday : 10 offres à ne pas rater au Cyber Monday sur Amazon ⚡️,META,2022-11-28T05:45:47Z,https://www.presse-citron.net/?p=528079,0.1779
What Is Facebook Marketplace?,META,2022-11-28T14:00:12Z,https://smallbiztrends.com/2022/11/what-is-facebook-marketplace.html,0.5106
"Cyber Monday Deals live now: Telescopes, VR headsets, Lego and more",META,2022-11-27T19:18:35Z,https://www.space.com/news/live/cyber-monday-deals-2022,0.765
Silicon Valley layoffs aren’t just a cost-cutting measure. They’re a culture reset.,META,2022-11-17T13:00:00Z,https://www.vox.com/recode/2022/11/17/23463164/silicon-valley-layoffs-tech-boom-over,0.4939
Disney+ Has Ads Now — How Does It Compare with Netflix?,META,2022-12-08T23:45:16Z,https://www.indiewire.com/2022/12/disney-with-ads-how-to-subscribe-1234789888/,0.0
"Black Friday TOP 100 : les meilleures offres du week-end sur Amazon, Cdiscount & Co",META,2022-11-26T15:57:49Z,https://www.frandroid.com/bons-plans/1551462_black-friday-top-100-meilleures-offres-amazon-cdiscount-etc,0.0
Cyber Monday : les meilleures offres sur les objets connectés pour la maison,META,2022-11-28T16:30:28Z,https://www.frandroid.com/bons-plans/1546562_cyber-monday-les-meilleures-offres-sur-les-objets-connectes-pour-la-maison,-0.2003
Top 100 des offres Cyber Monday et Black Friday : dernières heures pour profiter des bons plans,META,2022-11-28T12:40:25Z,https://www.frandroid.com/bons-plans/1552208_top-100-offres-cyber-monday,-0.4588
"Black Friday : Amazon vide son sac, 10 offres XL finissent ce mercredi",META,2022-11-23T15:50:34Z,https://www.01net.com/bons-plans/black-friday-amazon-vide-son-sac-10-offres-xl-finissent-ce-mercredi.html,0.1779
This is what Meta might look like if Zuckerberg stepped down in 2023,META,2022-11-22T20:42:00Z,https://qz.com/this-is-what-meta-might-look-like-if-zuckerberg-stepped-1849814068,-0.5106
"With Bret Taylor's exit, Marc Benioff is once again the sole CEO of Salesforce",META,2022-12-01T08:59:00Z,https://qz.com/with-bret-taylors-exit-marc-benioff-is-once-again-the-1849839871,0.0
Investors Call Time on FAANG Stock Dominance After Nasdaq’s Rout,META,2022-12-10T19:00:00Z,https://finance.yahoo.com/news/investors-call-time-faang-stock-190000390.html,0.0
The 'exceptionalism of technology' is probably over for the stock market: Goldman,META,2022-11-29T10:51:45Z,https://finance.yahoo.com/news/goldman-sachs-big-tech-stock-market-outlook-105145257.html,0.2732
Carvana: Yahoo Finance's Worst Company of the Year,META,2022-12-12T14:00:51Z,https://finance.yahoo.com/news/carvana-yahoo-finances-worst-company-of-the-year-140051155.html,-0.0
Amazon Web Services plans to be water positive by 2030,META,2022-11-28T05:00:08Z,https://finance.yahoo.com/news/amazon-web-services-plans-to-be-water-positive-by-2030-050008501.html,0.7717
The Twitter era under Tesla CEO Elon Musk: A timeline,META,2022-11-23T19:33:47Z,https://finance.yahoo.com/news/twitter-tesla-ceo-elon-musk-a-timeline-193347566.html,-0.6486
"There Is Fundamental Value In Broadcom, And It Yields 3.35%",IBM,2022-12-09T14:29:00Z,https://www.marketbeat.com/originals/there-is-fundamental-value-in-broadcom-and-it-yields-335/,0.2006
"Apple's App store has become an ad-infested imitation of its former self, which is not good for iPhone users or developers",IBM,2022-11-28T19:48:55Z,https://www.businessinsider.com/apples-app-store-has-become-an-ad-plagued-version-of-its-former-self-2022-11,-0.0772
Splunk is Suddenly Looking Like a Slam Dunk,IBM,2022-12-06T08:00:00Z,https://www.marketbeat.com/originals/splunk-is-suddenly-looking-like-a-slam-dunk/,0.0
Accelerando (2005),IBM,2022-12-01T23:20:48Z,https://www.antipope.org/charlie/blog-static/fiction/accelerando/accelerando.html,0.3182
Quantum computers in use today are vulnerable to eavesdropping hackers,IBM,2022-11-16T17:59:09Z,https://www.newscientist.com/article/2345584-quantum-computers-in-use-today-are-vulnerable-to-eavesdropping-hackers/,-0.3818
IBM manager sues for $5m claiming postnatal demotion,IBM,2022-11-21T21:30:10Z,https://www.theregister.com/2022/11/21/ibm_pregnancy_discrimination/,-0.34
27 Best Small Business Ideas for Designers,IBM,2022-11-21T14:30:50Z,https://www.webdesignerdepot.com/2022/11/27-best-small-business-ideas-for-designers/,0.7845
"Marketing To Gen Z: How To Do It The Right Way via @sejournal, @macuraa",IBM,2022-11-29T09:15:07Z,https://www.searchenginejournal.com/marketing-to-gen-z/471784/,0.0516
Transcript: Marcus Shaw,IBM,2022-11-22T13:00:36Z,https://ritholtz.com/2022/11/transcript-marcus-shaw/,0.0
Radar Trends to Watch: December 2022,IBM,2022-12-06T12:21:48Z,https://www.oreilly.com/radar/radar-trends-to-watch-december-2022/,-0.1511
Warren Buffett backs Taiwanese chipmaker TSMC like a full-fledged tech investor,IBM,2022-11-15T09:27:00Z,https://qz.com/warren-buffett-backs-taiwanese-chipmaker-tsmc-like-a-fu-1849783728,-0.0516
"With Bret Taylor's exit, Marc Benioff is once again the sole CEO of Salesforce",IBM,2022-12-01T08:59:00Z,https://qz.com/with-bret-taylors-exit-marc-benioff-is-once-again-the-1849839871,0.0
Who really invented the thumb drive? @IEEESpectrum,IBM,2022-12-13T14:30:35Z,https://blog.adafruit.com/2022/12/13/who-really-invented-the-thumb-drive-ieeespectrum/,0.3182
3 Reasons to Buy IBM Stock,IBM,2022-11-16T11:20:00Z,https://www.fool.com/investing/2022/11/16/3-reasons-to-buy-ibm-stock/,0.4767
Should You Buy IBM Stock Before 2022 Is Over?,IBM,2022-12-12T14:05:43Z,https://www.fool.com/investing/2022/12/12/should-you-buy-ibm-stock-before-2022-is-over/,0.3182
3 Software Stocks That Will Keep Your Retirement Account Safe,IBM,2022-12-11T12:30:00Z,https://www.fool.com/investing/2022/12/11/3-software-stocks-keep-retirement-account-safe/,-0.4201
2 Top Software Stocks to Buy for the Long Haul,IBM,2022-12-05T14:24:14Z,https://www.fool.com/investing/2022/12/05/2-top-software-stocks-to-buy-for-the-long-haul/,-0.25
Can a High-Yield Dividend Stock Still Be Safe?,IBM,2022-12-06T15:12:00Z,https://www.fool.com/investing/2022/12/06/can-a-high-yield-dividend-stock-still-be-safe/,0.6908
2 Dow Stocks to Buy Hand Over Fist and 1 to Avoid Like the Plague,IBM,2022-11-15T10:06:00Z,https://www.fool.com/investing/2022/11/15/2-dow-stocks-to-buy-and-1-to-avoid-like-the-plague/,0.0
3 Dividend-Paying Tech Stocks to Buy in December,IBM,2022-12-08T10:15:00Z,https://www.fool.com/investing/2022/12/08/3-dividend-paying-tech-stocks-to-buy-in-december/,0.0
Is It a Warren Buffett Stock or Not? 5 Simple Questions to Ask Yourself.,IBM,2022-11-13T10:17:00Z,https://www.fool.com/investing/2022/11/13/is-it-a-warren-buffett-stock-or-not-5-simple-quest/,0.144
5 Surefire Ways to Generate Passive Income,IBM,2022-11-22T12:55:00Z,https://www.fool.com/retirement/2022/11/22/5-surefire-ways-to-generate-passive-income/,0.34
MongoDB (MDB) Q3 2023 Earnings Call Transcript,IBM,2022-12-07T05:30:35Z,https://www.fool.com/earnings/call-transcripts/2022/12/07/mongodb-mdb-q3-2023-earnings-call-transcript/,-0.4404
"Microsoft Buys The London Stock Exchange (Well, 4% Of It)",IBM,2022-12-12T16:55:42Z,https://www.forbes.com/sites/qai/2022/12/12/microsoft-buys-the-london-stock-exchange-well-4-of-it/,0.2023
"With 27% ARR Growth, Why Informatica’s Stock Trades 57% Below Peak",IBM,2022-11-28T16:41:03Z,https://www.forbes.com/sites/petercohan/2022/11/28/with-27-arr-growth-why-informaticas-stock-trades-57-below-peak/,0.0
AWS Advances Financial Services In The Cloud: News From Re:Invent 2022,IBM,2022-12-08T17:28:10Z,https://www.forbes.com/sites/moorinsights/2022/12/08/aws-advances-financial-services-in-the-cloud-news-from-reinvent-2022/,0.0
"AI: The Next Candidate For A Market Boom, Bubble, Bust",IBM,2022-11-24T12:52:17Z,https://www.forbes.com/sites/investor/2022/11/24/ai-the-next-candidate-for-a-market-boom-bubble-bust/,0.3612
"Cedar Valley Business Hall of Fame inducts three new laureates, presents entrepreneur award - WCF Courier",IBM,2022-11-25T12:00:00Z,https://wcfcourier.com/exclusive/businessmonthly/cedar-valley-business-hall-of-fame-inducts-three-new-laureates-presents-entrepreneur-award/article_e8722339-ee65-545f-90f1-f04d8f21499e.html,0.4404
Is IBM A Good Dividend Stock?,IBM,2022-12-12T15:39:28Z,https://seekingalpha.com/article/4563927-is-ibm-a-good-dividend-stock,0.0
IBM Vs. Cisco: Which Old Tech Giant Is The Best Dividend Option?,IBM,2022-11-28T09:27:36Z,https://seekingalpha.com/article/4560763-ibm-vs-cisco-which-old-tech-giant-best-dividend-option,0.34
Intel And IBM Q3: These Dogs Can Redeem Themselves,IBM,2022-11-16T06:36:00Z,https://seekingalpha.com/article/4558296-intel-and-ibm-q3-these-dogs-can-redeem-themselves,0.3182
MongoDB: A Blowout Quarter But I'm Still Humming The Same Tune,IBM,2022-12-07T10:30:27Z,https://seekingalpha.com/article/4562877-mongodb-blowout-quarter-still-humming-tune,0.1779
MongoDB: A Blowout Quarter But I'm Still Humming The Same Tune,IBM,2022-12-07T10:30:27Z,https://seekingalpha.com/article/4562877-mongodb-q3-earnings-blowout-quarter-i-remain-bearish,0.1779
Don't Follow Buffett Blindly Into Taiwan Semiconductor - But Buy It Still,IBM,2022-11-17T19:46:33Z,https://seekingalpha.com/article/4558826-dont-follow-buffett-blindly-into-taiwan-semiconductor-but-buy-it-still,-0.2263
"Capgemini: At The Right Price, Absolutely, It's A 'Buy'",IBM,2022-11-25T03:52:22Z,https://seekingalpha.com/article/4560409-capgemini-stock-right-price-buy,0.3818
Syndax Pharmaceuticals: Today's Best Nearby Biotech Cap-Gain Prospect,IBM,2022-12-10T08:11:55Z,https://seekingalpha.com/article/4563678-syndax-pharmaceuticals-best-biotech-cap-gain-prospect,0.0
Why Looking At Dassault Systemes SE Is Not A Bad Idea,IBM,2022-12-12T01:31:26Z,https://seekingalpha.com/article/4563808-dassault-systemes-stock-potential-upside,0.3818
SPS Commerce Grows Steadily But A Macroeconomic Slowdown Looms,IBM,2022-12-06T22:25:01Z,https://seekingalpha.com/article/4562769-sps-commerce-grows-but-macroeconomic-slowdown-looms,-0.4588
Unisys Lowers Guidance As Corporate Transition Continues,IBM,2022-11-21T21:25:55Z,https://seekingalpha.com/article/4559629-unisys-lowers-guidance-as-corporate-transition-continues,-0.296
NetApp: Value Stock Or Value Trap?,IBM,2022-12-08T20:55:30Z,https://seekingalpha.com/article/4563313-netapp-value-stock-or-value-trap,0.5499
Do You Know The Only Thing That Gives Me Pleasure?,IBM,2022-11-21T12:00:00Z,https://seekingalpha.com/article/4559380-do-you-know-the-only-thing-that-gives-me-pleasure,0.1901
SDOG: Dividend ETF Not To Be Confused With 'Dogs Of The Dow',IBM,2022-11-22T04:31:31Z,https://seekingalpha.com/article/4559693-sdog-dividend-etf-not-confuse-dogs-of-the-dow,0.0
December Dogs Of The Dow Paced By Verizon Yield And Disney Gain Estimates,IBM,2022-12-04T07:11:23Z,https://seekingalpha.com/article/4562191-december-dogs-of-the-dow-paced-by-verizon-yield-and-disney-gain-estimates,-0.3818
3 Changes Berkshire Hathaway Investors Could Be Better Off With,IBM,2022-11-29T06:51:16Z,https://seekingalpha.com/article/4561017-3-changes-berkshire-hathaway-investors-better-off-with,0.0
HashiCorp Begins Pivot To Operating Efficiency,IBM,2022-12-05T22:53:11Z,https://seekingalpha.com/article/4562471-hashicorp-hcp-begins-pivot-to-operating-efficiency,-0.2263
D-Wave Quantum: Emerging Growth Play With Hard Value,IBM,2022-12-06T18:55:29Z,https://seekingalpha.com/article/4562697-d-wave-quantum-emerging-growth-play-with-hard-value,0.3818
"OpenAI Impact Analysis: Microsoft, Google And Nvidia",IBM,2022-12-05T20:15:04Z,https://seekingalpha.com/article/4562442-openai-impact-analysis-microsoft-google-and-nvidia,0.128
"SPYD, SPHD: Dividend Gives S&P 500 Wings",IBM,2022-12-12T16:54:37Z,https://seekingalpha.com/article/4563944-spyd-sphd-dividend-gives-sp-500-wings,0.5719
Schlumberger: Has The Rally Got More Legs?,IBM,2022-12-09T16:52:44Z,https://seekingalpha.com/article/4563544-schlumberger-has-the-rally-got-more-legs,-0.2263
"IBM and Australian Stock Market’s Blockchain Projects Failed, a Blow to Private Ledgers",IBM,2022-11-30T20:27:35Z,https://www.coindesk.com/business/2022/11/30/ibm-and-australian-stock-markets-blockchain-projects-failed-a-blow-to-private-ledgers/,-0.6597
Crypto Miner Hut 8 Hires Former IBM Executive as CFO,IBM,2022-12-13T12:12:37Z,https://www.coindesk.com/business/2022/12/13/crypto-miner-hut-8-hires-former-ibm-executive-as-cfo/,0.4588
Blockchain vs. Crypto: Not What It Seems,IBM,2022-12-13T18:54:07Z,https://www.coindesk.com/consensus-magazine/2022/12/13/blockchain-vs-crypto-not-what-it-seems/,-0.3944
What Do You Really Own in the Ownership Economy?,IBM,2022-11-22T18:07:00Z,https://www.coindesk.com/layer2/2022/11/22/what-do-you-really-own-in-the-ownership-economy/,0.5267
This Iron Condor On Nike Stock Has The Potential For A 45% Return,IBM,2022-12-06T19:04:57Z,https://www.investors.com/research/options/this-iron-condor-on-nike-stock-has-the-potential-for-a-45-percent-return/,0.0
Top Investors Reveal 7 High-Dividend Stocks You Should Own,IBM,2022-11-23T13:00:48Z,https://www.investors.com/etfs-and-funds/etfs/sp500-top-investors-reveal-7-high-dividend-stocks-you-should-own/,0.4144
“Mark Has Surrounded Himself With Sycophants”: Zuckerberg’s Big Bet on the Metaverse Is Backfiring,IBM,2022-11-16T19:49:41Z,https://www.vanityfair.com/news/2022/11/mark-zuckerberg-meta-facebook,0.2732
Cloud of Serfdom or Cloud of Freedom – What Would You Choose?,IBM,2022-11-28T14:31:55Z,https://www.percona.com/blog/cloud-of-serfdom-or-cloud-of-freedom-what-would-you-choose/,0.7351
Apple Stock: How It Stacks Up Against Big Tech In 2022 - TheStreet,IBM,2022-12-13T10:53:19Z,https://www.thestreet.com/apple/stock/apple-stock-how-it-stacks-up-against-big-tech-in-2022,0.6597
IBM Sees Tech Spending Growth Unless a ‘Catastrophic Recession’ Hits - Yahoo Finance,IBM,2022-11-17T19:17:40Z,https://finance.yahoo.com/news/ibm-sees-tech-spending-growth-191740486.html,0.6522
What Warren Buffett Wants From Tech Stocks - The Motley Fool,IBM,2022-11-20T10:24:00Z,https://www.fool.com/investing/2022/11/20/what-warren-buffett-wants-from-tech-stocks/,0.6369
"“Recoding Power: Tactics for Mobilizing Tech Workers” author, Williams professor explores novel labor responses to tumultuous sector - WAMC",IBM,2022-11-28T20:06:00Z,https://www.wamc.org/news/2022-11-28/recoding-power-tactics-for-mobilizing-tech-workers-author-williams-professor-explores-novel-labor-responses-to-tumultuous-sector,0.1868
Japan and the Netherlands just picked sides in the U.S.-China cold war over chips. Here’s what they chose - Fortune,IBM,2022-12-12T17:46:00Z,https://fortune.com/2022/12/12/china-us-chips-semiconductors-export-japan-netherlands/,0.128
Myth-Busting Silicon Valley,IBM,2022-11-28T17:00:00Z,https://www.theamericanconservative.com/myth-busting-silicon-valley/,0.4201
"IBM and Australian Stock Market’s Blockchain Projects Failed, a Blow to Private Ledgers",IBM,2022-11-30T20:27:35Z,https://finance.yahoo.com/news/ibm-australian-stock-market-blockchain-202735137.html,-0.6597
Should You Think About Buying International Business Machines Corporation (NYSE:IBM) Now?,IBM,2022-11-18T12:02:13Z,https://finance.yahoo.com/news/think-buying-international-business-machines-120213326.html,0.4767
10 Best Nanotechnology Stocks to Buy Now,IBM,2022-12-13T21:35:17Z,https://finance.yahoo.com/news/10-best-nanotechnology-stocks-buy-213517163.html,0.6369
15 Biggest AI Companies In The World,IBM,2022-12-13T14:02:30Z,https://finance.yahoo.com/news/15-biggest-ai-companies-world-140230064.html,0.5267
"Harte Hanks Acquires InsideOut Solutions, LLC, for $7.5 million",IBM,2022-12-01T14:00:00Z,https://finance.yahoo.com/news/harte-hanks-acquires-insideout-solutions-140000303.html,0.0
Warren Buffett backs Taiwanese chipmaker TSMC like a full-fledged tech investor,IBM,2022-11-15T09:27:00Z,https://finance.yahoo.com/news/warren-buffett-backs-taiwanese-chipmaker-092700477.html,-0.0516
"The Global Cloud Analytics Market size is expected to reach $81.8 billion by 2028, rising at a market growth of 21.0% CAGR during the forecast period",IBM,2022-11-23T14:55:00Z,https://finance.yahoo.com/news/global-cloud-analytics-market-size-145500188.html,0.3182
"Luvleen Sidhu, Chair, CEO, and Founder of BM Technologies (NYSE:BMTX), Named as a 'Women in Technology' Finalist in the Fintech Futures 2022 Banking Tech Awards",IBM,2022-11-28T13:30:00Z,https://finance.yahoo.com/news/luvleen-sidhu-chair-ceo-founder-133000917.html,0.0
"With Bret Taylor's exit, Marc Benioff is once again the sole CEO of Salesforce",IBM,2022-12-01T08:59:00Z,https://finance.yahoo.com/news/bret-taylors-exit-marc-benioff-085900516.html,0.0
11 Best ADR Stocks To Buy Now,IBM,2022-12-10T12:22:48Z,https://finance.yahoo.com/news/11-best-adr-stocks-buy-122248806.html,0.9022
What Do You Really Own in the Ownership Economy?,IBM,2022-11-22T18:07:00Z,https://finance.yahoo.com/news/really-own-ownership-economy-180700658.html,0.5267
Amazon is doing some 'difficult' soul searching as it plans to slash jobs — but here's why the economy is going to 'very easily absorb' the layoffs in the big tech sector,IBM,2022-11-19T11:00:00Z,https://finance.yahoo.com/news/amazon-reportedly-plans-cut-10-134500586.html,0.3797
10 Most Advanced AI Companies,IBM,2022-12-06T20:12:39Z,https://finance.yahoo.com/news/10-most-advanced-ai-companies-201239163.html,0.937
Twitter's Elon Musk is warned to prepare for 'hundreds or even thousands' of arbitration cases,IBM,2022-12-12T13:30:49Z,https://finance.yahoo.com/news/twitters-elon-musk-warned-prepare-133049892.html,-0.0772
Rigetti Computing Appoints Dr. Subodh Kulkarni as President and Chief Executive Officer,IBM,2022-12-08T13:30:00Z,https://finance.yahoo.com/news/rigetti-computing-appoints-dr-subodh-133000067.html,0.5719
Global Artificial Intelligence Market to Hit Sales of $895.71 Billion by 2028 | Healthcare to Contribute Over $194 Billion | SkyQuest Technology,IBM,2022-11-30T15:00:00Z,https://finance.yahoo.com/news/global-artificial-intelligence-market-hit-150000717.html,0.4767
Big Data as a Service Market Worth USD 76.47 Billion at a CAGR of 23.19% by 2030 - Report by Market Research Future (MRFR),IBM,2022-11-22T08:05:00Z,https://finance.yahoo.com/news/big-data-market-worth-usd-080500729.html,0.5859
Data Storage Corporation Reports 14% Increase in Revenue for the Third Quarter of 2022,IBM,2022-11-15T12:00:00Z,https://finance.yahoo.com/news/data-storage-corporation-reports-14-120000730.html,0.1779
Balincan USA Inc. (BCNN) Letter to our Shareholders,IBM,2022-11-18T05:00:00Z,https://finance.yahoo.com/news/balincan-usa-inc-bcnn-letter-050000048.html,0.0
"Box, Inc. (NYSE:BOX) Q3 2023 Earnings Call Transcript",IBM,2022-12-07T18:04:49Z,https://finance.yahoo.com/news/box-inc-nyse-box-q3-180449673.html,0.3612
Neutral NMDC; target of Rs 124: Motilal Oswal,IBM,2022-11-25T10:02:26Z,https://www.moneycontrol.com/news/business/stocks/neutral-nmdc-target-of-rs-124-motilal-oswal-2-9600661.html,0.0
US tech sector is way deeper than FAANG stocks: Jonathan Curtis of Franklin Technology Fund,IBM,2022-11-22T05:04:02Z,https://www.moneycontrol.com/news/business/personal-finance/us-tech-sector-is-way-deeper-than-faang-stocks-jonathan-curtis-of-franklin-technology-fund-9578221.html,-0.3182
Want to know the fastest growing jobs and careers for 2023?,IBM,2022-12-09T16:00:00Z,https://www.nextpit.com/want-to-know-the-fastest-growing-jobs-and-careers-for-2023,0.34
How Lego and MIT Came Together To Give Us Lego Robots,IBM,2022-11-15T19:00:00Z,https://www.gizmodo.com.au/2022/11/how-lego-and-mit-came-together-to-give-us-lego-robots/,0.7876
Warren Buffett#39;s Berkshire discloses big Taiwan Semi stake,IBM,2022-11-15T01:44:59Z,https://www.moneycontrol.com/news/world/warren-buffetts-berkshire-discloses-big-taiwan-semi-stake-9524831.html,0.2023
"AWS a refusé de faire un investissement stratégique dans la blockchain, ne voyant pas d'utilité réelle pour les entreprises, selon un ingénieur qui a travaillé pour l'entreprise",IBM,2022-11-21T18:52:00Z,https://cloud-computing.developpez.com/actu/338706/AWS-a-refuse-de-faire-un-investissement-strategique-dans-la-blockchain-ne-voyant-pas-d-utilite-reelle-pour-les-entreprises-selon-un-ingenieur-qui-a-travaille-pour-l-entreprise/,0.34
Microsoft To Buy 4% Stake In London Stock Exchange,IBM,2022-12-12T11:15:50Z,https://www.ibtimes.com/microsoft-buy-4-stake-london-stock-exchange-3646230,0.0
Buffett's Berkshire Discloses $4.1 Billion TSMC Stake,IBM,2022-11-15T03:21:32Z,https://www.ibtimes.com/buffetts-berkshire-discloses-41-billion-tsmc-stake-3635932,0.0
Special [Radiance] Report: An e.l.f.ing Glow Storm is On the Way,IBM,2022-12-08T14:08:37Z,https://www.businesswire.com/news/home/20221208005359/en/Special-Radiance-Report-An-e.l.f.ing-Glow-Storm-is-On-the-Way,0.6808
Tecnotree Advances to Acquire Top AIML Platform - CognitiveScale in North America to further Enhance 5G Use case Penetration,IBM,2022-12-09T12:39:26Z,https://www.businesswire.com/news/home/20221209005177/en/Tecnotree-Advances-to-Acquire-Top-AIML-Platform---CognitiveScale-in-North-America-to-further-Enhance-5G-Use-case-Penetration,0.4019
Metaverse and Space May Be Cybercriminals’ Playgrounds in 2023,IBM,2022-12-07T11:05:50Z,https://www.businesswire.com/news/home/20221207005227/en/Metaverse-and-Space-May-Be-Cybercriminals%E2%80%99-Playgrounds-in-2023,-0.0772
Johnson & Johnson Names CEO Joaquin Duato as Chairman of the Board,IBM,2022-11-30T22:06:31Z,https://www.businesswire.com/news/home/20221130006118/en/Johnson-Johnson-Names-CEO-Joaquin-Duato-as-Chairman-of-the-Board,0.0
"Rimini Street Named a Supplier for UK G-Cloud 13 Framework for all its Application, Database, Managed and Professional Services",IBM,2022-12-01T14:06:30Z,https://www.businesswire.com/news/home/20221201005299/en/Rimini-Street-Named-a-Supplier-for-UK-G-Cloud-13-Framework-for-all-its-Application-Database-Managed-and-Professional-Services,0.4019
VMware Reports Fiscal Year 2023 Third Quarter Results,IBM,2022-11-22T21:08:42Z,https://www.businesswire.com/news/home/20221122005539/en/VMware-Reports-Fiscal-Year-2023-Third-Quarter-Results,0.0
Box Reports Strong Fiscal Third Quarter 2023 Financial Results,IBM,2022-11-30T21:10:09Z,https://www.businesswire.com/news/home/20221130005484/en/Box-Reports-Strong-Fiscal-Third-Quarter-2023-Financial-Results,0.0
AWS Launches Infrastructure Region in Spain,IBM,2022-11-16T07:11:07Z,https://www.businesswire.com/news/home/20221115006580/en/AWS-Launches-Infrastructure-Region-in-Spain,0.0
What did Buffett see in TSMC?,IBM,2022-11-15T04:03:16Z,https://www.digitimes.com/news/a20221115VL201/tsmc.html,0.0
