post,keyword,date,link,sentiment_score
Apple ($AAPL) Looking for More Downside | Stock Analysis |  https://t.co/YPvu6U15ND via @YouTube &gt; Subscribe to our‚Ä¶ https://t.co/yxijXTysTs,AAPL,Tue Dec 13 09:52:28 +0000 2022,https://twitter.com/i/web/status/1602602343111041026,-0.3167
"RT @GarethSoloway: Chart Alert! When $AAPL breaks this trend line, not only could it fall to $85 but the stock market would easily make new‚Ä¶",AAPL,Tue Dec 13 08:50:47 +0000 2022,https://twitter.com/i/web/status/1602586821455740929,0.6114
"RT @AbhipraGroup: #Apple $AAPL Last 36 months Daily #StockMovement Histogram #Chart
Max downward movement was -12.86%
Max upward movement w‚Ä¶",AAPL,Tue Dec 13 08:05:02 +0000 2022,https://twitter.com/i/web/status/1602575306598109184,0.0
"@StockMKTNewz Up up up up up and away...
üëçüöÄüëçüöÄüëçüöÄüëçüöÄüëçüöÄüëç
Time to stay strong stay positive 
Pick your fav stock &amp; let's‚Ä¶ https://t.co/O6SHWuisON",AAPL,Tue Dec 13 07:59:13 +0000 2022,https://twitter.com/i/web/status/1602573842290855936,0.872
@elonmusk @Tesla @truth_tesla @teslaownersSV @teslaeconomist @Teslaconomics  @WR4NYGov @WholeMarsBlog $TSLA $AAPL‚Ä¶ https://t.co/cGe6zLeisc,AAPL,Tue Dec 13 06:55:06 +0000 2022,https://twitter.com/i/web/status/1602557709840269313,0.0
"RT @EconomyApp: US paid streaming services in Q3'22:

üü¢ Added 37M subscribers.
üî¥ Lost 32M subscribers.

Net addition: +5M.

The weighted av‚Ä¶",AAPL,Tue Dec 13 06:29:44 +0000 2022,https://twitter.com/i/web/status/1602551324549451777,-0.3182
"RT @RyanRozbiani: Stock Market Review for 12/13/22 üëè
CPI DAY üö®. Here is a breakdown 
$SPY $VIX $AAPL $TSLA 

üé• FULL VIDEO: https://t.co/6Ft‚Ä¶",AAPL,Tue Dec 13 05:46:34 +0000 2022,https://twitter.com/i/web/status/1602540460161044480,0.0
#TSLA @ElonMuskNewsOrg @TeslaBest @elonmusk @Tesla @truth_tesla @teslaownersSV @teslaeconomist @Teslaconomics‚Ä¶ https://t.co/os8t8yg7Zb,AAPL,Tue Dec 13 05:38:03 +0000 2022,https://twitter.com/i/web/status/1602538318545272843,0.0
"@Respiralavida Beep boop. Here's what I found.

1) /oi_strike $AAPL (https://t.co/68NwUnssvg)

Featured Tickers:‚Ä¶ https://t.co/gDvpxrrJbV",AAPL,Tue Dec 13 05:27:43 +0000 2022,https://twitter.com/i/web/status/1602535716881309696,0.0
@xIronman777 @zerohedge Zero hedge blocked me back in 2014 because I was having a discussion with the apple cults t‚Ä¶ https://t.co/x9AybXIqNY,AAPL,Tue Dec 13 03:57:39 +0000 2022,https://twitter.com/i/web/status/1602513050489454592,-0.2732
"RT @sonycomeback: $SONY SONY should accelerate stock buybacks

$SONY #SONY #BulletTrain  #streaming on $NFLX Netflix will be #1 globally I'‚Ä¶",AAPL,Tue Dec 13 03:27:06 +0000 2022,https://twitter.com/i/web/status/1602505362673963009,0.0
"$AAPL US Stock Symbols A to F, 10 Day Stock Forecast Mon Dec 12 https://t.co/McHddDMUt6 via @YouTube",AAPL,Tue Dec 13 02:02:50 +0000 2022,https://twitter.com/i/web/status/1602484159192203266,0.0
"@RubinJMiller If your financial plan does call for TLHing- 
1) investor &amp; spouse need to know all investment accoun‚Ä¶ https://t.co/lg4eOv5K61",AAPL,Tue Dec 13 01:46:50 +0000 2022,https://twitter.com/i/web/status/1602480131578253312,0.0
"RT @OptionsProVol: Today Top Flow in #StockMarket, Buy Flow &amp; Sell Flow $AOR $QQQ $DFEM $VXUS $SPY $COUP $MYMH23 $BRK.B $BA $DIA $TSLA $SHY‚Ä¶",AAPL,Tue Dec 13 00:47:23 +0000 2022,https://twitter.com/i/web/status/1602465168382119936,0.2023
NEW VIDEO - Buying $AAPL Stock in a Bear Market! (with @ZietInvests) https://t.co/GrtUPLTXdx https://t.co/R5it273vQt,AAPL,Tue Dec 13 00:38:55 +0000 2022,https://twitter.com/i/web/status/1602463040678416384,0.0
"@earnlearninvest Nothing is forever for me. Sold AAPL, trimmed AMZN in the past; not married to any stock. May get back in next year.",AAPL,Tue Dec 13 00:04:20 +0000 2022,https://twitter.com/i/web/status/1602454335618547712,0.0
@EvasTeslaSPlaid That‚Äôs a very very scary action. It‚Äôs like buying crypto selling $AAPL stock üòÇüòÇ @MarketWatch . Unt‚Ä¶ https://t.co/JI57VHgH52,AAPL,Mon Dec 12 23:24:28 +0000 2022,https://twitter.com/i/web/status/1602444304244416512,0.5467
RT @Press_Reach: The Price Of Alphabet $GOOGL Stock Has Been Performing Quite Poorly Over The Past Week. These Figures Reveal The Whole Pic‚Ä¶,GOOGL,Tue Dec 13 08:15:49 +0000 2022,https://twitter.com/i/web/status/1602578020702765057,0.0
"RT @AbhipraGroup: #Alphabet $GOOGL Last 24 months Daily #StockMovement Line #Chart
Max downward movement was -9.14%
Max upward movement was‚Ä¶",GOOGL,Tue Dec 13 07:38:05 +0000 2022,https://twitter.com/i/web/status/1602568524735696896,0.0
@themarkethustle That buying stock before a ‚Äústock split. Is very risky‚Äù googl and Amzn are both the most common st‚Ä¶ https://t.co/PyKjGrnquO,GOOGL,Tue Dec 13 06:48:20 +0000 2022,https://twitter.com/i/web/status/1602556004138242055,0.0
"RT @DougKass: Recent sales @SeabreezeLP $MSOS, $VRNOF, $CURLF, $CRLBF, $TCNNF, $GTBIF, $AYWRF. $UAL $DAL
Recent buys @SeabreezeLP $TRSSF, $‚Ä¶",GOOGL,Mon Dec 12 16:37:43 +0000 2022,https://twitter.com/i/web/status/1602341940049350657,0.0
"RT @CNBCWEX: ""If you look at another company at another company on our watchlist, Alphabet, that stock is down about 30% YTD and is trading‚Ä¶",GOOGL,Mon Dec 12 16:04:41 +0000 2022,https://twitter.com/i/web/status/1602333627853021189,0.0
"@squawksquare every stocks has made a bottom, See NVDA,CRWD, GOOGL,MELI, i respect their CEOs for not doing nonsens‚Ä¶ https://t.co/XPT2eoNHU4",GOOGL,Mon Dec 12 14:56:26 +0000 2022,https://twitter.com/i/web/status/1602316453222424577,0.4767
"RT @JasonMaPhD: All things considered, which stock would you rather go all in right now? $AMZN $GOOGL $TSLA",GOOGL,Mon Dec 12 14:01:36 +0000 2022,https://twitter.com/i/web/status/1602302652209135622,0.0
RT @dhandzinvesting: Ever considered investing in $GOOGL stock?! https://t.co/4VEyNSu2zl https://t.co/eBZxxeikz4,GOOGL,Mon Dec 12 07:23:35 +0000 2022,https://twitter.com/i/web/status/1602202489041960960,0.0
"RT @Investingcom: ‚ö†Ô∏èBREAKING:

*ALPHABET STOCK FALLS 4% TO END AT LOWEST LEVEL SINCE NOVEMBER 2020 

$GOOG $GOOGL https://t.co/rbN9TolWXv",GOOGL,Sun Dec 11 22:53:03 +0000 2022,https://twitter.com/i/web/status/1602074009314656258,-0.516
"RT @Investingcom: ‚ö†Ô∏èBREAKING:

*ALPHABET STOCK FALLS TO NEW 52-WEEK LOW, REACHES LOWEST LEVEL SINCE JANUARY 2021 

$GOOG $GOOGL https://t.c‚Ä¶",GOOGL,Sun Dec 11 22:51:00 +0000 2022,https://twitter.com/i/web/status/1602073493944008705,-0.6408
"RT @Investingcom: ‚ö†Ô∏èBREAKING:

*ALPHABET STOCK FALLS 3% TO LOWEST LEVEL SINCE JANUARY 2021 

$GOOG $GOOGL https://t.co/peL3ltFSUm",GOOGL,Sun Dec 11 22:50:23 +0000 2022,https://twitter.com/i/web/status/1602073336921686018,-0.516
"RT @Investingcom: *AMAZON SHARES SLUMP, BIG TECH PEERS STAY AFLOAT - https://t.co/OYeGvXSvPm 

$AMZN $AAPL $MSFT $GOOGL https://t.co/NBCbW9‚Ä¶",GOOGL,Sun Dec 11 22:47:44 +0000 2022,https://twitter.com/i/web/status/1602072672791597056,0.656
"RT @Investingcom: ‚ö†Ô∏èBREAKING:

*U.S. STOCK FUTURES DECLINE; NASDAQ FUTURES SINK 1.9% AFTER DISAPPOINTING EARNINGS FROM GOOGLE AND MICROSOFT‚Ä¶",GOOGL,Sun Dec 11 22:38:33 +0000 2022,https://twitter.com/i/web/status/1602070361260138507,-0.6037
"RT @Investingcom: ‚ö†Ô∏èBREAKING:

*GOOGLE-PARENT ALPHABET STOCK FALLS OVER 6% AS EARNINGS, REVENUE MISS ESTIMATES

$GOOGL https://t.co/6hQOsSH‚Ä¶",GOOGL,Sun Dec 11 22:38:04 +0000 2022,https://twitter.com/i/web/status/1602070238459318274,-0.3254
"RT @cperruna: Jan 18, 2015: 

Stocks to Watch Blog Post
https://t.co/q8S7Ox1L11

$MBLY acquired by $INTC
$TSLA +1,413%
$NVDA +3,419%
$GOOGL‚Ä¶",GOOGL,Sun Dec 11 13:59:51 +0000 2022,https://twitter.com/i/web/status/1601939825137180672,0.0
@AdamMancini4 Witch one Stock Exchange quotations you used? On meta trader i see fus500 399x max.,META,Tue Dec 13 05:55:07 +0000 2022,https://twitter.com/i/web/status/1602542611776131072,-0.3612
"RT @AmerIndependent: Rep. James Comer continues to criticize ""Big Tech,"" including Twitter and Meta, yet owns at least $15,000 in Meta stoc‚Ä¶",META,Tue Dec 13 05:40:04 +0000 2022,https://twitter.com/i/web/status/1602538824147828737,-0.3818
"RT @CCC_ventures: After yesterday's FOMC announcement, US markets went deep red. Over $860 billion was wiped out from the US stock market i‚Ä¶",META,Tue Dec 13 05:29:35 +0000 2022,https://twitter.com/i/web/status/1602536189646577666,0.0
"@NecroKuma3 @hyacinthe_illu Not a surprise, ethics and empathy aren't their strong suit. Having schadenfreude right‚Ä¶ https://t.co/iQ2fubkz7W",META,Tue Dec 13 04:05:19 +0000 2022,https://twitter.com/i/web/status/1602514979831558145,-0.5448
"RT @woodhouseb: House GOP Rep. James Comer attacks tech companies but owns more than $15,000 in Meta stock https://t.co/RtofgyYey0",META,Tue Dec 13 03:30:58 +0000 2022,https://twitter.com/i/web/status/1602506338185224193,-0.2382
"RT @EpsilonTheory: Stock Buybacks!‚Ñ¢

100% of Meta's $96 billion in stock buybacks went to sterilize new shares to employees.

90% of Google‚Ä¶",META,Tue Dec 13 03:16:57 +0000 2022,https://twitter.com/i/web/status/1602502810293108736,0.3595
@johnbrda @MMATNEWS show us Meta backs up your your comments by trying to extend the deadline. push this out anothe‚Ä¶ https://t.co/gCiFH1aqwL,META,Tue Dec 13 03:03:29 +0000 2022,https://twitter.com/i/web/status/1602499420775325696,0.128
"RT @AmerIndependent: House GOP Rep. James Comer attacks tech companies but owns more than $15,000 in Meta stock 

by @jeisrael 
https://t.c‚Ä¶",META,Tue Dec 13 02:56:07 +0000 2022,https://twitter.com/i/web/status/1602497568591822849,-0.2382
"@palikaras @kimkep4796 @AshB2781 @SmokeyStock @MoneySoot     
Everyone needs to go to Youtube and watch‚Ä¶ https://t.co/3pqE0Xtg7q",META,Tue Dec 13 01:45:42 +0000 2022,https://twitter.com/i/web/status/1602479845849853952,0.0
@RaemenSoups Remember Innovacorp? This summer the Nova Scotia provincial govt fired all the investment managers res‚Ä¶ https://t.co/vn5ZR9Rpmi,META,Tue Dec 13 01:31:35 +0000 2022,https://twitter.com/i/web/status/1602476291558723585,-0.5574
RT @teresalilyl: $MMTLP We demand  justice. We want our last 2 days of trading. @FINRA halt on code U3 is uncalled for. How is it protectin‚Ä¶,META,Tue Dec 13 00:57:39 +0000 2022,https://twitter.com/i/web/status/1602467753218146305,0.4939
@TriTexan @squawksquare It's the most dangerous stock in the entire market.  META and NFLX already hide their wipeo‚Ä¶ https://t.co/J65v4zfqml,META,Mon Dec 12 22:13:18 +0000 2022,https://twitter.com/i/web/status/1602426395552284672,-0.624
@mh_otter @Bacomeiser @thefreak971 @TheDurhamReport @HollyBriden @JeremyRedfernFL @ERICSORENSEN @elonmusk @Tesla‚Ä¶ https://t.co/Qi915A7Ywg,META,Mon Dec 12 21:58:10 +0000 2022,https://twitter.com/i/web/status/1602422585182097408,0.0
"When there's even the slightest bit of scrutiny over @RepJamesComer's own record, he's suddenly camera shy...

""A C‚Ä¶ https://t.co/LMV2aP5LO4",META,Mon Dec 12 21:44:07 +0000 2022,https://twitter.com/i/web/status/1602419047592824865,-0.25
"RT @essenviews: GOP Rep. James Comer attacks tech companies but owns more than $15,000 in Meta stock. Why doesn't he sell his stock? https:‚Ä¶",META,Mon Dec 12 21:38:29 +0000 2022,https://twitter.com/i/web/status/1602417631629545472,-0.2382
"@realMeetKevin What about Disney, Meta, Target. Amazon, etc?
META is down a 65% or more this year so far. 
Tesla ha‚Ä¶ https://t.co/OWkz0DxnFj",META,Mon Dec 12 21:24:50 +0000 2022,https://twitter.com/i/web/status/1602414195596791836,0.1779
".@RepJamesComer has promised to investigate debunked claims of conservative censorship online, but owns more than $‚Ä¶ https://t.co/UHMPWfkZCv",META,Mon Dec 12 21:15:40 +0000 2022,https://twitter.com/i/web/status/1602411888708530176,0.1901
"@prime_tracker Asda, Farnworth (Bolton) have started getting prime in stock. I bought ice pop and meta moon there last week.",META,Mon Dec 12 21:00:48 +0000 2022,https://twitter.com/i/web/status/1602408149302054929,0.0
"Well I'll be damned!

@RepJamesComer attacks tech companies but owns more than $15,000 in Meta stock. https://t.co/ULT9qF3RH4",META,Mon Dec 12 20:54:24 +0000 2022,https://twitter.com/i/web/status/1602406536273399811,-0.3595
"House GOP Rep. James Comer attacks tech companies but owns more than $15,000 in Meta stock 

by @jeisrael 
https://t.co/BcANfCiaJF",META,Mon Dec 12 20:51:37 +0000 2022,https://twitter.com/i/web/status/1602405837644959745,-0.2382
@math_sonnets @elonmusk Take a peek at Meta's stock and get back to me.  Take a peek at the market in general and g‚Ä¶ https://t.co/sKirbpmkrz,META,Mon Dec 12 20:36:20 +0000 2022,https://twitter.com/i/web/status/1602401989438078976,0.0
@THEY_HATE_BV ratio cuz i got scammed by my meta mask and my cryptocurrency cuz my cyber wallet is burning and the‚Ä¶ https://t.co/LXumF5YPh9,META,Mon Dec 12 20:31:07 +0000 2022,https://twitter.com/i/web/status/1602400678072225795,0.0
"MMTLP Stock Ordeal: #FINRA uses U3 to Halt Trading in Meta Materials, 2022 https://t.co/3VcQ682tOL via @YouTube",META,Mon Dec 12 20:25:08 +0000 2022,https://twitter.com/i/web/status/1602399173747302401,0.0
@elipariser Meta's plunging stock price. I realize this is not the kind of answer you're looking for...,META,Mon Dec 12 20:20:05 +0000 2022,https://twitter.com/i/web/status/1602397900948271106,0.0
"@facebook @Meta (1/2) Thank you for your stupid algorithm that removed my post and restricted my account, which ins‚Ä¶ https://t.co/9zo84Ambf5",META,Mon Dec 12 20:19:10 +0000 2022,https://twitter.com/i/web/status/1602397671926341632,-0.5423
"@CallanderRobi @AsdaServiceTeam Someone posted stock 2 days ago, it's gone now, Ice Pop and Meta Moon",META,Mon Dec 12 19:20:31 +0000 2022,https://twitter.com/i/web/status/1602382911629557762,0.0
RT @garyblack00: Buybacks are not about boosting short term stock price; buybacks are about proper allocation of long-term capital. If $TSL‚Ä¶,META,Mon Dec 12 18:56:31 +0000 2022,https://twitter.com/i/web/status/1602376873039855616,-0.2584
@cuervo8210 @cups_queen0f @andyyidana @bariweiss LOL Love that. They are very censorship happy as well as google. A‚Ä¶ https://t.co/T64eEd1xKL,META,Mon Dec 12 18:31:39 +0000 2022,https://twitter.com/i/web/status/1602370611476824064,0.9302
@PS20224 @garyblack00 $32 is the Covid lows April 2020.  Almost every single tech stock has gone back to their Apri‚Ä¶ https://t.co/3Le7SbzsaF,META,Mon Dec 12 17:45:57 +0000 2022,https://twitter.com/i/web/status/1602359112049770497,-0.2023
@Factschaser @JamesPower91 @squawksquare Yes.  Elon pumped the stock and cashed out to buy something he thinks is u‚Ä¶ https://t.co/LGzK6pAa16,META,Mon Dec 12 17:31:03 +0000 2022,https://twitter.com/i/web/status/1602355363210092545,0.4019
"RT @AShortSqueeze: The plot thickens..

Around the merger of Torchlight and META : Ari Rubenstein Under Investigation by the New York Stock‚Ä¶",META,Mon Dec 12 17:24:38 +0000 2022,https://twitter.com/i/web/status/1602353749351186432,0.0
"RT @Mr_Derivatives: $META If u bought Meta‚Äôs stock on opening IPO day back in 2012 &amp; held all the way to today, u would be up a ‚Äúwhopping‚Äù‚Ä¶",META,Mon Dec 12 17:05:46 +0000 2022,https://twitter.com/i/web/status/1602349000291946497,0.0
"RT @Sentieo: Wall Street has taken notice, and stock prices at major tech companies have plummeted. $AAPL, $META, $AMZN, $GOOG, and $MSFT c‚Ä¶",META,Mon Dec 12 16:48:09 +0000 2022,https://twitter.com/i/web/status/1602344565796753408,0.0
"@CNBC Yeah, he told people to buy as much meta-stock as you could too, and look at it üòÇü§£",META,Mon Dec 12 16:16:43 +0000 2022,https://twitter.com/i/web/status/1602336654437584897,0.8074
Hope @Meta buys up all there stock! Going long on Facebook!,META,Mon Dec 12 16:10:36 +0000 2022,https://twitter.com/i/web/status/1602335118018117633,0.5399
"RT @stonkmeister420: @johnbrda 1. Meta Material needs to halt the cancellation of #MMTLP stock. 
2. File emergency injunction in court to l‚Ä¶",META,Mon Dec 12 16:07:43 +0000 2022,https://twitter.com/i/web/status/1602334390700367872,-0.3818
"@elonmusk @JohnBrennan I tell you what isn‚Äôt in a glass house Elon, your Tesla stock. Thanks for another 4% today,‚Ä¶ https://t.co/yD9x1dkuRG",META,Mon Dec 12 15:45:25 +0000 2022,https://twitter.com/i/web/status/1602328778474127360,0.4404
@SmokeyStock @johnbrda @palikaras @Metamaterialtec @cvpayne @FoxBusiness @HAMShortkiller @Jfromm1968_CRTD @SECGov‚Ä¶ https://t.co/DbQZGG48yW,META,Mon Dec 12 15:33:26 +0000 2022,https://twitter.com/i/web/status/1602325762387886081,0.0
@PrimeHydrate @LoganPaul Well apparently it‚Äôs going out of stock in the U.S as it was only ever a limited edition f‚Ä¶ https://t.co/SHI4cAO8pO,META,Mon Dec 12 14:35:48 +0000 2022,https://twitter.com/i/web/status/1602311260007276544,0.0516
"RT @DomainBeauti: Trade-The best domain name
https://t.co/f4UnDA6i4A
#investing #trade #funding #Binance #future #MetaAI   #stockmarket #Co‚Ä¶",META,Mon Dec 12 14:35:27 +0000 2022,https://twitter.com/i/web/status/1602311170760839171,0.6369
@TaylorCook1776 Preferred Stock is then the registered holder of the distributed shares of Next Bridge common stock‚Ä¶ https://t.co/Fy8Lo6jVEh,META,Mon Dec 12 14:21:29 +0000 2022,https://twitter.com/i/web/status/1602307655900565505,0.296
